date,period_start,period_end,first_trade_date,last_trade_date,open,high,low,close,trading_days,is_partial,has_ohlc,source
1967-01-31,1967-01-01,1967-01-31,1967-01-05,1967-01-31,,,,94.14,23,False,False,011.idv.tw (close only)
1967-02-28,1967-02-01,1967-02-28,1967-02-01,1967-02-28,,,,95.20,20,False,False,011.idv.tw (close only)
1967-03-31,1967-03-01,1967-03-31,1967-03-01,1967-03-31,,,,96.69,26,False,False,011.idv.tw (close only)
1967-04-29,1967-04-01,1967-04-30,1967-04-01,1967-04-29,,,,101.16,25,False,False,011.idv.tw (close only)
1967-05-31,1967-05-01,1967-05-31,1967-05-01,1967-05-31,,,,99.48,27,False,False,011.idv.tw (close only)
1967-06-30,1967-06-01,1967-06-30,1967-06-01,1967-06-30,,,,100.06,26,False,False,011.idv.tw (close only)
1967-07-31,1967-07-01,1967-07-31,1967-07-04,1967-07-31,,,,100.88,24,False,False,011.idv.tw (close only)
1967-08-31,1967-08-01,1967-08-31,1967-08-01,1967-08-31,,,,99.72,27,False,False,011.idv.tw (close only)
1967-09-30,1967-09-01,1967-09-30,1967-09-01,1967-09-30,,,,98.15,25,False,False,011.idv.tw (close only)
1967-10-31,1967-10-01,1967-10-31,1967-10-02,1967-10-31,,,,97.25,24,False,False,011.idv.tw (close only)
1967-11-30,1967-11-01,1967-11-30,1967-11-01,1967-11-30,,,,100.38,26,False,False,011.idv.tw (close only)
1967-12-29,1967-12-01,1967-12-31,1967-12-01,1967-12-29,,,,105.76,23,False,False,011.idv.tw (close only)
1968-01-27,1968-01-01,1968-01-31,1968-01-04,1968-01-27,,,,108.87,21,False,False,011.idv.tw (close only)
1968-02-29,1968-02-01,1968-02-29,1968-02-03,1968-02-29,,,,106.68,23,False,False,011.idv.tw (close only)
1968-03-30,1968-03-01,1968-03-31,1968-03-01,1968-03-30,,,,108.71,25,False,False,011.idv.tw (close only)
1968-04-30,1968-04-01,1968-04-30,1968-04-01,1968-04-30,,,,103.38,25,False,False,011.idv.tw (close only)
1968-05-31,1968-05-01,1968-05-31,1968-05-01,1968-05-31,,,,104.76,27,False,False,011.idv.tw (close only)
1968-06-29,1968-06-01,1968-06-30,1968-06-01,1968-06-29,,,,104.40,25,False,False,011.idv.tw (close only)
1968-07-31,1968-07-01,1968-07-31,1968-07-03,1968-07-31,,,,103.67,25,False,False,011.idv.tw (close only)
1968-08-31,1968-08-01,1968-08-31,1968-08-01,1968-08-31,,,,102.27,27,False,False,011.idv.tw (close only)
1968-09-30,1968-09-01,1968-09-30,1968-09-02,1968-09-30,,,,102.00,24,False,False,011.idv.tw (close only)
1968-10-31,1968-10-01,1968-10-31,1968-10-01,1968-10-31,,,,101.33,25,False,False,011.idv.tw (close only)
1968-11-30,1968-11-01,1968-11-30,1968-11-01,1968-11-30,,,,106.14,25,False,False,011.idv.tw (close only)
1968-12-30,1968-12-01,1968-12-31,1968-12-02,1968-12-30,,,,106.63,23,False,False,011.idv.tw (close only)
1969-01-31,1969-01-01,1969-01-31,1969-01-04,1969-01-31,,,,103.75,24,False,False,011.idv.tw (close only)
1969-02-28,1969-02-01,1969-02-28,1969-02-01,1969-02-28,,,,105.80,19,False,False,011.idv.tw (close only)
1969-03-31,1969-03-01,1969-03-31,1969-03-01,1969-03-31,,,,99.18,25,False,False,011.idv.tw (close only)
1969-04-30,1969-04-01,1969-04-30,1969-04-01,1969-04-30,,,,95.10,26,False,False,011.idv.tw (close only)
1969-05-31,1969-05-01,1969-05-31,1969-05-01,1969-05-31,,,,94.40,27,False,False,011.idv.tw (close only)
1969-06-30,1969-06-01,1969-06-30,1969-06-02,1969-06-30,,,,99.13,24,False,False,011.idv.tw (close only)
1969-07-31,1969-07-01,1969-07-31,1969-07-03,1969-07-31,,,,104.64,25,False,False,011.idv.tw (close only)
1969-08-30,1969-08-01,1969-08-31,1969-08-01,1969-08-30,,,,103.36,26,False,False,011.idv.tw (close only)
1969-09-30,1969-09-01,1969-09-30,1969-09-01,1969-09-30,,,,103.02,24,False,False,011.idv.tw (close only)
1969-10-31,1969-10-01,1969-10-31,1969-10-01,1969-10-31,,,,109.28,23,False,False,011.idv.tw (close only)
1969-11-29,1969-11-01,1969-11-30,1969-11-01,1969-11-29,,,,111.56,24,False,False,011.idv.tw (close only)
1969-12-30,1969-12-01,1969-12-31,1969-12-01,1969-12-30,,,,110.30,24,False,False,011.idv.tw (close only)
1970-01-31,1970-01-01,1970-01-31,1970-01-05,1970-01-31,,,,113.98,24,False,False,011.idv.tw (close only)
1970-02-28,1970-02-01,1970-02-28,1970-02-02,1970-02-28,,,,122.03,20,False,False,011.idv.tw (close only)
1970-03-31,1970-03-01,1970-03-31,1970-03-02,1970-03-31,,,,122.89,25,False,False,011.idv.tw (close only)
1970-04-30,1970-04-01,1970-04-30,1970-04-01,1970-04-30,,,,122.89,26,False,False,011.idv.tw (close only)
1970-05-30,1970-05-01,1970-05-31,1970-05-01,1970-05-30,,,,119.31,26,False,False,011.idv.tw (close only)
1970-06-30,1970-06-01,1970-06-30,1970-06-01,1970-06-30,,,,123.86,25,False,False,011.idv.tw (close only)
1970-07-31,1970-07-01,1970-07-31,1970-07-03,1970-07-31,,,,120.02,25,False,False,011.idv.tw (close only)
1970-08-31,1970-08-01,1970-08-31,1970-08-01,1970-08-31,,,,117.85,26,False,False,011.idv.tw (close only)
1970-09-30,1970-09-01,1970-09-30,1970-09-01,1970-09-30,,,,116.59,25,False,False,011.idv.tw (close only)
1970-10-31,1970-10-01,1970-10-31,1970-10-01,1970-10-31,,,,120.23,25,False,False,011.idv.tw (close only)
1970-11-30,1970-11-01,1970-11-30,1970-11-02,1970-11-30,,,,119.04,24,False,False,011.idv.tw (close only)
1970-12-30,1970-12-01,1970-12-31,1970-12-01,1970-12-30,,,,123.38,25,False,False,011.idv.tw (close only)
1971-01-25,1971-01-01,1971-01-31,1971-01-05,1971-01-25,,,,126.89,18,False,False,011.idv.tw (close only)
1971-02-27,1971-02-01,1971-02-28,1971-02-01,1971-02-27,,,,128.48,24,False,False,011.idv.tw (close only)
1971-03-31,1971-03-01,1971-03-31,1971-03-01,1971-03-31,,,,117.78,26,False,False,011.idv.tw (close only)
1971-04-30,1971-04-01,1971-04-30,1971-04-01,1971-04-30,,,,118.15,26,False,False,011.idv.tw (close only)
1971-05-31,1971-05-01,1971-05-31,1971-05-01,1971-05-31,,,,130.24,26,False,False,011.idv.tw (close only)
1971-06-30,1971-06-01,1971-06-30,1971-06-01,1971-06-30,,,,141.14,26,False,False,011.idv.tw (close only)
1971-07-31,1971-07-01,1971-07-31,1971-07-02,1971-07-31,,,,131.30,25,False,False,011.idv.tw (close only)
1971-08-31,1971-08-01,1971-08-31,1971-08-02,1971-08-31,,,,120.87,26,False,False,011.idv.tw (close only)
1971-09-30,1971-09-01,1971-09-30,1971-09-01,1971-09-30,,,,124.50,24,False,False,011.idv.tw (close only)
1971-10-30,1971-10-01,1971-10-31,1971-10-01,1971-10-30,,,,118.80,24,False,False,011.idv.tw (close only)
1971-11-30,1971-11-01,1971-11-30,1971-11-01,1971-11-30,,,,121.37,25,False,False,011.idv.tw (close only)
1971-12-31,1971-12-01,1971-12-31,1971-12-01,1971-12-31,,,,135.13,25,False,False,011.idv.tw (close only)
1972-01-31,1972-01-01,1972-01-31,1972-01-05,1972-01-31,,,,127.29,23,False,False,011.idv.tw (close only)
1972-02-29,1972-02-01,1972-02-29,1972-02-01,1972-02-29,,,,128.56,20,False,False,011.idv.tw (close only)
1972-03-31,1972-03-01,1972-03-31,1972-03-01,1972-03-31,,,,135.93,26,False,False,011.idv.tw (close only)
1972-04-29,1972-04-01,1972-04-30,1972-04-01,1972-04-29,,,,149.12,24,False,False,011.idv.tw (close only)
1972-05-31,1972-05-01,1972-05-31,1972-05-01,1972-05-31,,,,158.90,27,False,False,011.idv.tw (close only)
1972-06-30,1972-06-01,1972-06-30,1972-06-01,1972-06-30,,,,167.24,25,False,False,011.idv.tw (close only)
1972-07-31,1972-07-01,1972-07-31,1972-07-03,1972-07-31,,,,165.61,25,False,False,011.idv.tw (close only)
1972-08-31,1972-08-01,1972-08-31,1972-08-01,1972-08-31,,,,160.56,26,False,False,011.idv.tw (close only)
1972-09-30,1972-09-01,1972-09-30,1972-09-01,1972-09-30,,,,163.79,25,False,False,011.idv.tw (close only)
1972-10-31,1972-10-01,1972-10-31,1972-10-02,1972-10-31,,,,178.03,24,False,False,011.idv.tw (close only)
1972-11-30,1972-11-01,1972-11-30,1972-11-01,1972-11-30,,,,203.49,25,False,False,011.idv.tw (close only)
1972-12-29,1972-12-01,1972-12-31,1972-12-01,1972-12-29,,,,228.03,23,False,False,011.idv.tw (close only)
1973-01-31,1973-01-01,1973-01-31,1973-01-04,1973-01-31,,,,247.56,24,False,False,011.idv.tw (close only)
1973-02-28,1973-02-01,1973-02-28,1973-02-07,1973-02-28,,,,271.00,17,False,False,011.idv.tw (close only)
1973-03-31,1973-03-01,1973-03-31,1973-03-01,1973-03-31,,,,315.91,26,False,False,011.idv.tw (close only)
1973-04-30,1973-04-01,1973-04-30,1973-04-02,1973-04-30,,,,337.31,24,False,False,011.idv.tw (close only)
1973-05-31,1973-05-01,1973-05-31,1973-05-01,1973-05-31,,,,361.84,27,False,False,011.idv.tw (close only)
1973-06-30,1973-06-01,1973-06-30,1973-06-01,1973-06-30,,,,401.31,25,False,False,011.idv.tw (close only)
1973-07-31,1973-07-01,1973-07-31,1973-07-03,1973-07-31,,,,380.00,25,False,False,011.idv.tw (close only)
1973-08-31,1973-08-01,1973-08-31,1973-08-01,1973-08-31,,,,394.00,27,False,False,011.idv.tw (close only)
1973-09-29,1973-09-01,1973-09-30,1973-09-01,1973-09-29,,,,421.04,24,False,False,011.idv.tw (close only)
1973-10-31,1973-10-01,1973-10-31,1973-10-01,1973-10-31,,,,452.24,25,False,False,011.idv.tw (close only)
1973-11-30,1973-11-01,1973-11-30,1973-11-01,1973-11-30,,,,499.22,25,False,False,011.idv.tw (close only)
1973-12-28,1973-12-01,1973-12-31,1973-12-01,1973-12-28,,,,495.45,22,False,False,011.idv.tw (close only)
1974-01-31,1974-01-01,1974-01-31,1974-01-04,1974-01-31,,,,487.62,18,False,False,011.idv.tw (close only)
1974-02-28,1974-02-01,1974-02-28,1974-02-01,1974-02-28,,,,414.59,24,False,False,011.idv.tw (close only)
1974-03-30,1974-03-01,1974-03-31,1974-03-01,1974-03-30,,,,440.10,25,False,False,011.idv.tw (close only)
1974-04-30,1974-04-01,1974-04-30,1974-04-01,1974-04-30,,,,409.97,25,False,False,011.idv.tw (close only)
1974-05-31,1974-05-01,1974-05-31,1974-05-01,1974-05-31,,,,323.44,27,False,False,011.idv.tw (close only)
1974-06-29,1974-06-01,1974-06-30,1974-06-01,1974-06-29,,,,374.44,24,False,False,011.idv.tw (close only)
1974-07-31,1974-07-01,1974-07-31,1974-07-03,1974-07-31,,,,376.77,25,False,False,011.idv.tw (close only)
1974-08-31,1974-08-01,1974-08-31,1974-08-01,1974-08-31,,,,303.28,27,False,False,011.idv.tw (close only)
1974-09-27,1974-09-01,1974-09-30,1974-09-02,1974-09-27,,,,302.53,23,False,False,011.idv.tw (close only)
1974-10-31,1974-10-01,1974-10-31,1974-10-01,1974-10-31,,,,220.95,25,False,False,011.idv.tw (close only)
1974-11-30,1974-11-01,1974-11-30,1974-11-01,1974-11-30,,,,214.46,25,False,False,011.idv.tw (close only)
1974-12-30,1974-12-01,1974-12-31,1974-12-02,1974-12-30,,,,193.06,23,False,False,011.idv.tw (close only)
1975-01-31,1975-01-01,1975-01-31,1975-01-04,1975-01-31,,,,248.70,24,False,False,011.idv.tw (close only)
1975-02-28,1975-02-01,1975-02-28,1975-02-01,1975-02-28,,,,266.67,18,False,False,011.idv.tw (close only)
1975-03-31,1975-03-01,1975-03-31,1975-03-01,1975-03-31,,,,243.92,25,False,False,011.idv.tw (close only)
1975-04-30,1975-04-01,1975-04-30,1975-04-01,1975-04-30,,,,284.36,24,False,False,011.idv.tw (close only)
1975-05-31,1975-05-01,1975-05-31,1975-05-01,1975-05-31,,,,372.38,27,False,False,011.idv.tw (close only)
1975-06-30,1975-06-01,1975-06-30,1975-06-02,1975-06-30,,,,357.88,24,False,False,011.idv.tw (close only)
1975-07-31,1975-07-01,1975-07-31,1975-07-03,1975-07-31,,,,369.73,25,False,False,011.idv.tw (close only)
1975-08-30,1975-08-01,1975-08-31,1975-08-01,1975-08-30,,,,387.37,26,False,False,011.idv.tw (close only)
1975-09-30,1975-09-01,1975-09-30,1975-09-01,1975-09-30,,,,358.92,24,False,False,011.idv.tw (close only)
1975-10-30,1975-10-01,1975-10-31,1975-10-01,1975-10-30,,,,339.41,23,False,False,011.idv.tw (close only)
1975-11-29,1975-11-01,1975-11-30,1975-11-01,1975-11-29,,,,302.78,24,False,False,011.idv.tw (close only)
1975-12-30,1975-12-01,1975-12-31,1975-12-01,1975-12-30,,,,330.08,25,False,False,011.idv.tw (close only)
1976-01-28,1976-01-01,1976-01-31,1976-01-05,1976-01-28,,,,388.00,21,False,False,011.idv.tw (close only)
1976-02-28,1976-02-01,1976-02-29,1976-02-04,1976-02-28,,,,366.57,22,False,False,011.idv.tw (close only)
1976-03-31,1976-03-01,1976-03-31,1976-03-01,1976-03-31,,,,415.64,26,False,False,011.idv.tw (close only)
1976-04-30,1976-04-01,1976-04-30,1976-04-01,1976-04-30,,,,379.05,25,False,False,011.idv.tw (close only)
1976-05-31,1976-05-01,1976-05-31,1976-05-01,1976-05-31,,,,396.81,26,False,False,011.idv.tw (close only)
1976-06-30,1976-06-01,1976-06-30,1976-06-01,1976-06-30,,,,360.16,25,False,False,011.idv.tw (close only)
1976-07-31,1976-07-01,1976-07-31,1976-07-05,1976-07-31,,,,309.57,24,False,False,011.idv.tw (close only)
1976-08-31,1976-08-01,1976-08-31,1976-08-02,1976-08-31,,,,308.26,25,False,False,011.idv.tw (close only)
1976-09-30,1976-09-01,1976-09-30,1976-09-01,1976-09-30,,,,287.17,24,False,False,011.idv.tw (close only)
1976-10-30,1976-10-01,1976-10-31,1976-10-01,1976-10-30,,,,299.85,24,False,False,011.idv.tw (close only)
1976-11-30,1976-11-01,1976-11-30,1976-11-02,1976-11-30,,,,293.76,24,False,False,011.idv.tw (close only)
1976-12-30,1976-12-01,1976-12-31,1976-12-01,1976-12-30,,,,372.20,25,False,False,011.idv.tw (close only)
1977-01-31,1977-01-01,1977-01-31,1977-01-05,1977-01-31,,,,391.15,23,False,False,011.idv.tw (close only)
1977-02-28,1977-02-01,1977-02-28,1977-02-01,1977-02-28,,,,342.13,19,False,False,011.idv.tw (close only)
1977-03-31,1977-03-01,1977-03-31,1977-03-01,1977-03-31,,,,330.96,26,False,False,011.idv.tw (close only)
1977-04-30,1977-04-01,1977-04-30,1977-04-01,1977-04-30,,,,322.20,25,False,False,011.idv.tw (close only)
1977-05-31,1977-05-01,1977-05-31,1977-05-02,1977-05-31,,,,335.57,26,False,False,011.idv.tw (close only)
1977-06-30,1977-06-01,1977-06-30,1977-06-01,1977-06-30,,,,355.26,25,False,False,011.idv.tw (close only)
1977-07-30,1977-07-01,1977-07-31,1977-07-04,1977-07-30,,,,322.27,24,False,False,011.idv.tw (close only)
1977-08-31,1977-08-01,1977-08-31,1977-08-02,1977-08-31,,,,355.83,26,False,False,011.idv.tw (close only)
1977-09-30,1977-09-01,1977-09-30,1977-09-01,1977-09-30,,,,392.39,23,False,False,011.idv.tw (close only)
1977-10-29,1977-10-01,1977-10-31,1977-10-01,1977-10-29,,,,393.44,23,False,False,011.idv.tw (close only)
1977-11-30,1977-11-01,1977-11-30,1977-11-01,1977-11-30,,,,418.42,24,False,False,011.idv.tw (close only)
1977-12-30,1977-12-01,1977-12-31,1977-12-01,1977-12-30,,,,450.44,25,False,False,011.idv.tw (close only)
1978-01-31,1978-01-01,1978-01-31,1978-01-05,1978-01-31,,,,481.88,23,False,False,011.idv.tw (close only)
1978-02-28,1978-02-01,1978-02-28,1978-02-01,1978-02-28,,,,483.79,18,False,False,011.idv.tw (close only)
1978-03-31,1978-03-01,1978-03-31,1978-03-01,1978-03-31,,,,457.01,26,False,False,011.idv.tw (close only)
1978-04-29,1978-04-01,1978-04-30,1978-04-01,1978-04-29,,,,501.17,24,False,False,011.idv.tw (close only)
1978-05-31,1978-05-01,1978-05-31,1978-05-01,1978-05-31,,,,560.23,27,False,False,011.idv.tw (close only)
1978-06-30,1978-06-01,1978-06-30,1978-06-01,1978-06-30,,,,544.68,25,False,False,011.idv.tw (close only)
1978-07-31,1978-07-01,1978-07-31,1978-07-04,1978-07-31,,,,589.31,24,False,False,011.idv.tw (close only)
1978-08-31,1978-08-01,1978-08-31,1978-08-01,1978-08-31,,,,623.74,27,False,False,011.idv.tw (close only)
1978-09-30,1978-09-01,1978-09-30,1978-09-01,1978-09-30,,,,679.17,25,False,False,011.idv.tw (close only)
1978-10-30,1978-10-01,1978-10-31,1978-10-02,1978-10-30,,,,626.92,23,False,False,011.idv.tw (close only)
1978-11-30,1978-11-01,1978-11-30,1978-11-01,1978-11-30,,,,582.83,25,False,False,011.idv.tw (close only)
1978-12-29,1978-12-01,1978-12-31,1978-12-01,1978-12-29,,,,532.43,24,False,False,011.idv.tw (close only)
1979-01-25,1979-01-01,1979-01-31,1979-01-04,1979-01-25,,,,533.74,19,False,False,011.idv.tw (close only)
1979-02-28,1979-02-01,1979-02-28,1979-02-01,1979-02-28,,,,531.31,24,False,False,011.idv.tw (close only)
1979-03-31,1979-03-01,1979-03-31,1979-03-01,1979-03-31,,,,624.70,26,False,False,011.idv.tw (close only)
1979-04-30,1979-04-01,1979-04-30,1979-04-02,1979-04-30,,,,659.19,24,False,False,011.idv.tw (close only)
1979-05-31,1979-05-01,1979-05-31,1979-05-01,1979-05-31,,,,590.37,26,False,False,011.idv.tw (close only)
1979-06-30,1979-06-01,1979-06-30,1979-06-01,1979-06-30,,,,572.27,26,False,False,011.idv.tw (close only)
1979-07-31,1979-07-01,1979-07-31,1979-07-04,1979-07-31,,,,561.55,24,False,False,011.idv.tw (close only)
1979-08-31,1979-08-01,1979-08-31,1979-08-01,1979-08-31,,,,599.05,26,False,False,011.idv.tw (close only)
1979-09-29,1979-09-01,1979-09-30,1979-09-01,1979-09-29,,,,577.46,24,False,False,011.idv.tw (close only)
1979-10-30,1979-10-01,1979-10-31,1979-10-01,1979-10-30,,,,530.92,23,False,False,011.idv.tw (close only)
1979-11-30,1979-11-01,1979-11-30,1979-11-01,1979-11-30,,,,512.45,25,False,False,011.idv.tw (close only)
1979-12-29,1979-12-01,1979-12-31,1979-12-01,1979-12-29,,,,549.55,24,False,False,011.idv.tw (close only)
1980-01-31,1980-01-01,1980-01-31,1980-01-04,1980-01-31,,,,547.02,24,False,False,011.idv.tw (close only)
1980-02-29,1980-02-01,1980-02-29,1980-02-01,1980-02-29,,,,564.40,20,False,False,011.idv.tw (close only)
1980-03-31,1980-03-01,1980-03-31,1980-03-01,1980-03-31,,,,526.20,25,False,False,011.idv.tw (close only)
1980-04-30,1980-04-01,1980-04-30,1980-04-01,1980-04-30,,,,515.93,25,False,False,011.idv.tw (close only)
1980-05-31,1980-05-01,1980-05-31,1980-05-01,1980-05-31,,,,514.80,27,False,False,011.idv.tw (close only)
1980-06-30,1980-06-01,1980-06-30,1980-06-02,1980-06-30,,,,480.38,24,False,False,011.idv.tw (close only)
1980-07-31,1980-07-01,1980-07-31,1980-07-02,1980-07-31,,,,539.19,26,False,False,011.idv.tw (close only)
1980-08-30,1980-08-01,1980-08-31,1980-08-01,1980-08-30,,,,578.13,26,False,False,011.idv.tw (close only)
1980-09-30,1980-09-01,1980-09-30,1980-09-01,1980-09-30,,,,559.96,24,False,False,011.idv.tw (close only)
1980-10-30,1980-10-01,1980-10-31,1980-10-01,1980-10-30,,,,581.32,24,False,False,011.idv.tw (close only)
1980-11-29,1980-11-01,1980-11-30,1980-11-01,1980-11-29,,,,566.28,24,False,False,011.idv.tw (close only)
1980-12-30,1980-12-01,1980-12-31,1980-12-01,1980-12-30,,,,558.45,24,False,False,011.idv.tw (close only)
1981-01-31,1981-01-01,1981-01-31,1981-01-05,1981-01-31,,,,564.40,24,False,False,011.idv.tw (close only)
1981-02-28,1981-02-01,1981-02-28,1981-02-02,1981-02-28,,,,582.36,19,False,False,011.idv.tw (close only)
1981-03-31,1981-03-01,1981-03-31,1981-03-02,1981-03-31,,,,549.40,25,False,False,011.idv.tw (close only)
1981-04-30,1981-04-01,1981-04-30,1981-04-01,1981-04-30,,,,556.66,25,False,False,011.idv.tw (close only)
1981-05-30,1981-05-01,1981-05-31,1981-05-01,1981-05-30,,,,567.57,26,False,False,011.idv.tw (close only)
1981-06-30,1981-06-01,1981-06-30,1981-06-01,1981-06-30,,,,564.72,25,False,False,011.idv.tw (close only)
1981-07-31,1981-07-01,1981-07-31,1981-07-02,1981-07-31,,,,547.80,26,False,False,011.idv.tw (close only)
1981-08-31,1981-08-01,1981-08-31,1981-08-01,1981-08-31,,,,507.79,26,False,False,011.idv.tw (close only)
1981-09-30,1981-09-01,1981-09-30,1981-09-01,1981-09-30,,,,521.77,24,False,False,011.idv.tw (close only)
1981-10-30,1981-10-01,1981-10-31,1981-10-01,1981-10-30,,,,517.56,24,False,False,011.idv.tw (close only)
1981-11-30,1981-11-01,1981-11-30,1981-11-02,1981-11-30,,,,534.75,23,False,False,011.idv.tw (close only)
1981-12-30,1981-12-01,1981-12-31,1981-12-01,1981-12-30,,,,551.03,25,False,False,011.idv.tw (close only)
1982-01-30,1982-01-01,1982-01-31,1982-01-05,1982-01-30,,,,538.42,17,False,False,011.idv.tw (close only)
1982-02-27,1982-02-01,1982-02-28,1982-02-01,1982-02-27,,,,511.71,24,False,False,011.idv.tw (close only)
1982-03-31,1982-03-01,1982-03-31,1982-03-01,1982-03-31,,,,491.05,26,False,False,011.idv.tw (close only)
1982-04-30,1982-04-01,1982-04-30,1982-04-01,1982-04-30,,,,483.38,25,False,False,011.idv.tw (close only)
1982-05-31,1982-05-01,1982-05-31,1982-05-01,1982-05-31,,,,470.06,26,False,False,011.idv.tw (close only)
1982-06-30,1982-06-01,1982-06-30,1982-06-01,1982-06-30,,,,472.70,24,False,False,011.idv.tw (close only)
1982-07-31,1982-07-01,1982-07-31,1982-07-02,1982-07-31,,,,443.69,25,False,False,011.idv.tw (close only)
1982-08-31,1982-08-01,1982-08-31,1982-08-02,1982-08-31,,,,447.46,25,False,False,011.idv.tw (close only)
1982-09-30,1982-09-01,1982-09-30,1982-09-01,1982-09-30,,,,458.54,25,False,False,011.idv.tw (close only)
1982-10-30,1982-10-01,1982-10-31,1982-10-01,1982-10-30,,,,480.71,23,False,False,011.idv.tw (close only)
1982-11-30,1982-11-01,1982-11-30,1982-11-02,1982-11-30,,,,455.81,24,False,False,011.idv.tw (close only)
1982-12-30,1982-12-01,1982-12-31,1982-12-01,1982-12-30,,,,443.57,25,False,False,011.idv.tw (close only)
1983-01-31,1983-01-01,1983-01-31,1983-01-05,1983-01-31,,,,442.73,23,False,False,011.idv.tw (close only)
1983-02-28,1983-02-01,1983-02-28,1983-02-01,1983-02-28,,,,514.11,19,False,False,011.idv.tw (close only)
1983-03-31,1983-03-01,1983-03-31,1983-03-01,1983-03-31,,,,621.38,26,False,False,011.idv.tw (close only)
1983-04-30,1983-04-01,1983-04-30,1983-04-01,1983-04-30,,,,683.62,25,False,False,011.idv.tw (close only)
1983-05-31,1983-05-01,1983-05-31,1983-05-02,1983-05-31,,,,667.43,26,False,False,011.idv.tw (close only)
1983-06-30,1983-06-01,1983-06-30,1983-06-01,1983-06-30,,,,736.38,25,False,False,011.idv.tw (close only)
1983-07-30,1983-07-01,1983-07-31,1983-07-02,1983-07-30,,,,735.07,25,False,False,011.idv.tw (close only)
1983-08-31,1983-08-01,1983-08-31,1983-08-01,1983-08-31,,,,711.49,27,False,False,011.idv.tw (close only)
1983-09-30,1983-09-01,1983-09-30,1983-09-01,1983-09-30,,,,724.28,24,False,False,011.idv.tw (close only)
1983-10-29,1983-10-01,1983-10-31,1983-10-01,1983-10-29,,,,706.42,23,False,False,011.idv.tw (close only)
1983-11-30,1983-11-01,1983-11-30,1983-11-01,1983-11-30,,,,707.73,25,False,False,011.idv.tw (close only)
1983-12-30,1983-12-01,1983-12-31,1983-12-01,1983-12-30,,,,761.92,24,False,False,011.idv.tw (close only)
1984-01-30,1984-01-01,1984-01-31,1984-01-05,1984-01-30,,,,829.43,22,False,False,011.idv.tw (close only)
1984-02-29,1984-02-01,1984-02-29,1984-02-06,1984-02-29,,,,868.40,21,False,False,011.idv.tw (close only)
1984-03-31,1984-03-01,1984-03-31,1984-03-01,1984-03-31,,,,871.41,26,False,False,011.idv.tw (close only)
1984-04-30,1984-04-01,1984-04-30,1984-04-02,1984-04-30,,,,938.30,24,False,False,011.idv.tw (close only)
1984-05-31,1984-05-01,1984-05-31,1984-05-01,1984-05-31,,,,869.77,27,False,False,011.idv.tw (close only)
1984-06-30,1984-06-01,1984-06-30,1984-06-01,1984-06-30,,,,898.89,25,False,False,011.idv.tw (close only)
1984-07-31,1984-07-01,1984-07-31,1984-07-03,1984-07-31,,,,894.48,25,False,False,011.idv.tw (close only)
1984-08-31,1984-08-01,1984-08-31,1984-08-01,1984-08-31,,,,909.84,27,False,False,011.idv.tw (close only)
1984-09-29,1984-09-01,1984-09-30,1984-09-01,1984-09-29,,,,873.59,23,False,False,011.idv.tw (close only)
1984-10-30,1984-10-01,1984-10-31,1984-10-01,1984-10-30,,,,830.36,24,False,False,011.idv.tw (close only)
1984-11-30,1984-11-01,1984-11-30,1984-11-01,1984-11-30,,,,835.04,25,False,False,011.idv.tw (close only)
1984-12-29,1984-12-01,1984-12-31,1984-12-01,1984-12-29,,,,838.07,24,False,False,011.idv.tw (close only)
1985-01-31,1985-01-01,1985-01-31,1985-01-04,1985-01-31,,,,787.75,24,False,False,011.idv.tw (close only)
1985-02-28,1985-02-01,1985-02-28,1985-02-01,1985-02-28,,,,781.37,18,False,False,011.idv.tw (close only)
1985-03-30,1985-03-01,1985-03-31,1985-03-01,1985-03-30,,,,765.96,25,False,False,011.idv.tw (close only)
1985-04-30,1985-04-01,1985-04-30,1985-04-01,1985-04-30,,,,739.49,25,False,False,011.idv.tw (close only)
1985-05-31,1985-05-01,1985-05-31,1985-05-01,1985-05-31,,,,730.53,27,False,False,011.idv.tw (close only)
1985-06-29,1985-06-01,1985-06-30,1985-06-01,1985-06-29,,,,706.48,24,False,False,011.idv.tw (close only)
1985-07-31,1985-07-01,1985-07-31,1985-07-02,1985-07-31,,,,637.14,26,False,False,011.idv.tw (close only)
1985-08-31,1985-08-01,1985-08-31,1985-08-01,1985-08-31,,,,666.11,26,False,False,011.idv.tw (close only)
1985-09-27,1985-09-01,1985-09-30,1985-09-02,1985-09-27,,,,710.08,23,False,False,011.idv.tw (close only)
1985-10-30,1985-10-01,1985-10-31,1985-10-01,1985-10-30,,,,781.66,23,False,False,011.idv.tw (close only)
1985-11-30,1985-11-01,1985-11-30,1985-11-01,1985-11-30,,,,776.28,24,False,False,011.idv.tw (close only)
1985-12-28,1985-12-01,1985-12-31,1985-12-02,1985-12-28,,,,835.12,23,False,False,011.idv.tw (close only)
1986-01-31,1986-01-01,1986-01-31,1986-01-04,1986-01-31,,,,888.70,24,False,False,011.idv.tw (close only)
1986-02-28,1986-02-01,1986-02-28,1986-02-03,1986-02-28,,,,943.95,17,False,False,011.idv.tw (close only)
1986-03-31,1986-03-01,1986-03-31,1986-03-01,1986-03-31,,,,926.13,25,False,False,011.idv.tw (close only)
1986-04-30,1986-04-01,1986-04-30,1986-04-01,1986-04-30,,,,902.87,25,False,False,011.idv.tw (close only)
1986-05-31,1986-05-01,1986-05-31,1986-05-01,1986-05-31,,,,950.80,27,False,False,011.idv.tw (close only)
1986-06-30,1986-06-01,1986-06-30,1986-06-02,1986-06-30,,,,955.21,23,False,False,011.idv.tw (close only)
1986-07-31,1986-07-01,1986-07-31,1986-07-02,1986-07-31,,,,935.83,26,False,False,011.idv.tw (close only)
1986-08-30,1986-08-01,1986-08-31,1986-08-01,1986-08-30,,,,903.61,26,False,False,011.idv.tw (close only)
1986-09-30,1986-09-01,1986-09-30,1986-09-01,1986-09-30,,,,947.11,23,False,False,011.idv.tw (close only)
1986-10-30,1986-10-01,1986-10-31,1986-10-01,1986-10-30,,,,994.44,23,False,False,011.idv.tw (close only)
1986-11-29,1986-11-01,1986-11-30,1986-11-03,1986-11-29,,,,996.24,23,False,False,011.idv.tw (close only)
1986-12-29,1986-12-01,1986-12-31,1986-12-01,1986-12-29,,,,1039.11,23,False,False,011.idv.tw (close only)
1987-01-24,1987-01-01,1987-01-31,1987-01-06,1987-01-24,,,,1150.25,17,False,False,011.idv.tw (close only)
1987-02-28,1987-02-01,1987-02-28,1987-02-03,1987-02-28,,,,1272.13,23,False,False,011.idv.tw (close only)
1987-03-31,1987-03-01,1987-03-31,1987-03-02,1987-03-31,,,,1405.51,25,False,False,011.idv.tw (close only)
1987-04-30,1987-04-01,1987-04-30,1987-04-01,1987-04-30,,,,1812.99,25,False,False,011.idv.tw (close only)
1987-05-30,1987-05-01,1987-05-31,1987-05-01,1987-05-30,,,,1878.61,26,False,False,011.idv.tw (close only)
1987-06-30,1987-06-01,1987-06-30,1987-06-02,1987-06-30,,,,1648.92,25,False,False,011.idv.tw (close only)
1987-07-31,1987-07-01,1987-07-31,1987-07-02,1987-07-31,,,,2048.21,26,False,False,011.idv.tw (close only)
1987-08-31,1987-08-01,1987-08-31,1987-08-01,1987-08-31,,,,3075.23,26,False,False,011.idv.tw (close only)
1987-09-30,1987-09-01,1987-09-30,1987-09-01,1987-09-30,,,,4459.01,25,False,False,011.idv.tw (close only)
1987-10-30,1987-10-01,1987-10-31,1987-10-01,1987-10-30,,,,2722.32,23,False,False,011.idv.tw (close only)
1987-11-30,1987-11-01,1987-11-30,1987-11-02,1987-11-30,,,,2952.51,24,False,False,011.idv.tw (close only)
1987-12-29,1987-12-01,1987-12-31,1987-12-01,1987-12-29,,,,2339.86,23,False,False,011.idv.tw (close only)
1988-01-29,1988-01-01,1988-01-31,1988-01-05,1988-01-29,,,,2843.87,22,False,False,011.idv.tw (close only)
1988-02-29,1988-02-01,1988-02-29,1988-02-01,1988-02-29,,,,3499.01,18,False,False,011.idv.tw (close only)
1988-03-31,1988-03-01,1988-03-31,1988-03-01,1988-03-31,,,,3373.86,26,False,False,011.idv.tw (close only)
1988-04-30,1988-04-01,1988-04-30,1988-04-01,1988-04-30,,,,4158.44,25,False,False,011.idv.tw (close only)
1988-05-31,1988-05-01,1988-05-31,1988-05-02,1988-05-31,,,,4476.26,26,False,False,011.idv.tw (close only)
1988-06-30,1988-06-01,1988-06-30,1988-06-01,1988-06-30,,,,4846.03,25,False,False,011.idv.tw (close only)
1988-07-30,1988-07-01,1988-07-31,1988-07-02,1988-07-30,,,,6248.02,25,False,False,011.idv.tw (close only)
1988-08-31,1988-08-01,1988-08-31,1988-08-01,1988-08-31,,,,7680.48,27,False,False,011.idv.tw (close only)
1988-09-30,1988-09-01,1988-09-30,1988-09-01,1988-09-30,,,,8402.93,23,False,False,011.idv.tw (close only)
1988-10-29,1988-10-01,1988-10-31,1988-10-01,1988-10-29,,,,6226.01,23,False,False,011.idv.tw (close only)
1988-11-30,1988-11-01,1988-11-30,1988-11-01,1988-11-30,,,,6814.11,25,False,False,011.idv.tw (close only)
1988-12-29,1988-12-01,1988-12-31,1988-12-01,1988-12-29,,,,5119.11,24,False,False,011.idv.tw (close only)
1989-01-31,1989-01-01,1989-01-31,1989-01-05,1989-01-31,,,,6157.12,23,False,False,011.idv.tw (close only)
1989-02-28,1989-02-01,1989-02-28,1989-02-01,1989-02-28,,,,7004.44,17,False,False,011.idv.tw (close only)
1989-03-31,1989-03-01,1989-03-31,1989-03-01,1989-03-31,,,,7390.15,26,False,False,011.idv.tw (close only)
1989-04-29,1989-04-01,1989-04-30,1989-04-01,1989-04-29,,,,7933.71,24,False,False,011.idv.tw (close only)
1989-05-31,1989-05-01,1989-05-31,1989-05-01,1989-05-31,,,,9832.38,27,False,False,011.idv.tw (close only)
1989-06-30,1989-06-01,1989-06-30,1989-06-01,1989-06-30,,,,9205.06,25,False,False,011.idv.tw (close only)
1989-07-31,1989-07-01,1989-07-31,1989-07-03,1989-07-31,,,,9504.20,25,False,False,011.idv.tw (close only)
1989-08-31,1989-08-01,1989-08-31,1989-08-01,1989-08-31,,,,9924.30,27,False,False,011.idv.tw (close only)
1989-09-30,1989-09-01,1989-09-30,1989-09-01,1989-09-30,,,,10180.84,23,False,False,011.idv.tw (close only)
1989-10-30,1989-10-01,1989-10-31,1989-10-02,1989-10-30,,,,10602.07,23,False,False,011.idv.tw (close only)
1989-11-30,1989-11-01,1989-11-30,1989-11-01,1989-11-30,,,,9402.56,25,False,False,011.idv.tw (close only)
1989-12-28,1989-12-01,1989-12-31,1989-12-01,1989-12-28,,,,9624.18,22,False,False,011.idv.tw (close only)
1990-01-31,1990-01-01,1990-01-31,1990-01-04,1990-01-31,,,,12054.35,17,False,False,011.idv.tw (close only)
1990-02-28,1990-02-01,1990-02-28,1990-02-01,1990-02-28,,,,11661.73,24,False,False,011.idv.tw (close only)
1990-03-31,1990-03-01,1990-03-31,1990-03-01,1990-03-31,,,,10755.87,26,False,False,011.idv.tw (close only)
1990-04-30,1990-04-01,1990-04-30,1990-04-02,1990-04-30,,,,9292.37,24,False,False,011.idv.tw (close only)
1990-05-31,1990-05-01,1990-05-31,1990-05-01,1990-05-31,,,,7290.88,25,False,False,011.idv.tw (close only)
1990-06-30,1990-06-01,1990-06-30,1990-06-01,1990-06-30,,,,5049.58,23,False,False,011.idv.tw (close only)
1990-07-31,1990-07-01,1990-07-31,1990-07-03,1990-07-31,,,,5618.21,25,False,False,011.idv.tw (close only)
1990-08-31,1990-08-01,1990-08-31,1990-08-01,1990-08-31,,,,3635.28,26,False,False,011.idv.tw (close only)
1990-09-27,1990-09-01,1990-09-30,1990-09-01,1990-09-27,,,,2705.01,21,False,False,011.idv.tw (close only)
1990-10-30,1990-10-01,1990-10-31,1990-10-01,1990-10-30,,,,3318.53,23,False,False,011.idv.tw (close only)
1990-11-30,1990-11-01,1990-11-30,1990-11-01,1990-11-30,,,,4377.27,25,False,False,011.idv.tw (close only)
1990-12-27,1990-12-01,1990-12-31,1990-12-01,1990-12-27,,,,4530.16,22,False,False,011.idv.tw (close only)
1991-01-31,1991-01-01,1991-01-31,1991-01-03,1991-01-31,,,,4023.72,25,False,False,011.idv.tw (close only)
1991-02-28,1991-02-01,1991-02-28,1991-02-01,1991-02-28,,,,5033.37,18,False,False,011.idv.tw (close only)
1991-03-28,1991-03-01,1991-03-31,1991-03-01,1991-03-28,,,,5139.94,24,False,False,011.idv.tw (close only)
1991-04-30,1991-04-01,1991-04-30,1991-04-01,1991-04-30,,,,5921.29,23,False,False,011.idv.tw (close only)
1991-05-31,1991-05-01,1991-05-31,1991-05-01,1991-05-31,,,,5610.72,27,False,False,011.idv.tw (close only)
1991-06-29,1991-06-01,1991-06-30,1991-06-01,1991-06-29,,,,5768.08,24,False,False,011.idv.tw (close only)
1991-07-31,1991-07-01,1991-07-31,1991-07-02,1991-07-31,,,,5178.06,25,False,False,011.idv.tw (close only)
1991-08-31,1991-08-01,1991-08-31,1991-08-01,1991-08-31,,,,4543.53,27,False,False,011.idv.tw (close only)
1991-09-30,1991-09-01,1991-09-30,1991-09-02,1991-09-30,,,,4867.13,23,False,False,011.idv.tw (close only)
1991-10-30,1991-10-01,1991-10-31,1991-10-01,1991-10-30,,,,4389.86,23,False,False,011.idv.tw (close only)
1991-11-30,1991-11-01,1991-11-30,1991-11-01,1991-11-30,,,,4378.50,25,False,False,011.idv.tw (close only)
1991-12-28,1991-12-01,1991-12-31,1991-12-02,1991-12-28,,,,4600.67,22,False,False,011.idv.tw (close only)
1992-01-30,1992-01-01,1992-01-31,1992-01-04,1992-01-30,,,,5391.63,23,False,False,011.idv.tw (close only)
1992-02-29,1992-02-01,1992-02-29,1992-02-07,1992-02-29,,,,5142.42,20,False,False,011.idv.tw (close only)
1992-03-31,1992-03-01,1992-03-31,1992-03-02,1992-03-31,,,,4800.94,25,False,False,011.idv.tw (close only)
1992-04-30,1992-04-01,1992-04-30,1992-04-01,1992-04-30,,,,4496.19,24,False,False,011.idv.tw (close only)
1992-05-30,1992-05-01,1992-05-31,1992-05-01,1992-05-30,,,,4496.58,26,False,False,011.idv.tw (close only)
1992-06-30,1992-06-01,1992-06-30,1992-06-01,1992-06-30,,,,4523.81,24,False,False,011.idv.tw (close only)
1992-07-31,1992-07-01,1992-07-31,1992-07-02,1992-07-31,,,,4108.52,26,False,False,011.idv.tw (close only)
1992-08-31,1992-08-01,1992-08-31,1992-08-01,1992-08-31,,,,3946.35,25,False,False,011.idv.tw (close only)
1992-09-30,1992-09-01,1992-09-30,1992-09-01,1992-09-30,,,,3524.21,21,False,False,011.idv.tw (close only)
1992-10-30,1992-10-01,1992-10-31,1992-10-01,1992-10-30,,,,3631.73,24,False,False,011.idv.tw (close only)
1992-11-30,1992-11-01,1992-11-30,1992-11-02,1992-11-30,,,,3675.01,24,False,False,011.idv.tw (close only)
1992-12-29,1992-12-01,1992-12-31,1992-12-01,1992-12-29,,,,3377.06,22,False,False,011.idv.tw (close only)
1993-01-30,1993-01-01,1993-01-31,1993-01-05,1993-01-30,,,,3374.56,17,False,False,011.idv.tw (close only)
1993-02-27,1993-02-01,1993-02-28,1993-02-01,1993-02-27,,,,4384.67,24,False,False,011.idv.tw (close only)
1993-03-31,1993-03-01,1993-03-31,1993-03-01,1993-03-31,,,,4825.29,26,False,False,011.idv.tw (close only)
1993-04-30,1993-04-01,1993-04-30,1993-04-01,1993-04-30,,,,4563.52,24,False,False,011.idv.tw (close only)
1993-05-31,1993-05-01,1993-05-31,1993-05-01,1993-05-31,,,,4267.90,26,False,False,011.idv.tw (close only)
1993-06-30,1993-06-01,1993-06-30,1993-06-01,1993-06-30,,,,3995.51,25,False,False,011.idv.tw (close only)
1993-07-31,1993-07-01,1993-07-31,1993-07-02,1993-07-31,,,,3960.38,26,False,False,011.idv.tw (close only)
1993-08-31,1993-08-01,1993-08-31,1993-08-02,1993-08-31,,,,3892.04,26,False,False,011.idv.tw (close only)
1993-09-29,1993-09-01,1993-09-30,1993-09-01,1993-09-29,,,,3832.69,24,False,False,011.idv.tw (close only)
1993-10-30,1993-10-01,1993-10-31,1993-10-01,1993-10-30,,,,4131.68,24,False,False,011.idv.tw (close only)
1993-11-30,1993-11-01,1993-11-30,1993-11-02,1993-11-30,,,,4353.90,22,False,False,011.idv.tw (close only)
1993-12-31,1993-12-01,1993-12-31,1993-12-01,1993-12-31,,,,6070.56,26,False,False,011.idv.tw (close only)
1994-01-31,1994-01-01,1994-01-31,1994-01-05,1994-01-31,,,,6115.12,22,False,False,011.idv.tw (close only)
1994-02-28,1994-02-01,1994-02-28,1994-02-01,1994-02-28,,,,5414.64,18,False,False,011.idv.tw (close only)
1994-03-31,1994-03-01,1994-03-31,1994-03-01,1994-03-31,,,,5249.22,26,False,False,011.idv.tw (close only)
1994-04-30,1994-04-01,1994-04-30,1994-04-01,1994-04-30,,,,5737.33,24,False,False,011.idv.tw (close only)
1994-05-31,1994-05-01,1994-05-31,1994-05-02,1994-05-31,,,,5891.56,26,False,False,011.idv.tw (close only)
1994-06-30,1994-06-01,1994-06-30,1994-06-01,1994-06-30,,,,5932.60,24,False,False,011.idv.tw (close only)
1994-07-30,1994-07-01,1994-07-31,1994-07-02,1994-07-30,,,,6720.05,24,False,False,011.idv.tw (close only)
1994-08-31,1994-08-01,1994-08-31,1994-08-01,1994-08-31,,,,7008.11,26,False,False,011.idv.tw (close only)
1994-09-30,1994-09-01,1994-09-30,1994-09-01,1994-09-30,,,,7091.13,23,False,False,011.idv.tw (close only)
1994-10-29,1994-10-01,1994-10-31,1994-10-01,1994-10-29,,,,6526.47,23,False,False,011.idv.tw (close only)
1994-11-30,1994-11-01,1994-11-30,1994-11-01,1994-11-30,,,,6363.72,25,False,False,011.idv.tw (close only)
1994-12-31,1994-12-01,1994-12-31,1994-12-01,1994-12-31,,,,7124.66,25,False,False,011.idv.tw (close only)
1995-01-26,1995-01-01,1995-01-31,1995-01-05,1995-01-26,,,,6307.85,19,False,False,011.idv.tw (close only)
1995-02-28,1995-02-01,1995-02-28,1995-02-04,1995-02-28,,,,6509.33,21,False,False,011.idv.tw (close only)
1995-03-31,1995-03-01,1995-03-31,1995-03-01,1995-03-31,,,,6524.00,26,False,False,011.idv.tw (close only)
1995-04-29,1995-04-01,1995-04-30,1995-04-01,1995-04-29,,,,5803.78,22,False,False,011.idv.tw (close only)
1995-05-31,1995-05-01,1995-05-31,1995-05-01,1995-05-31,,,,5674.55,27,False,False,011.idv.tw (close only)
1995-06-30,1995-06-01,1995-06-30,1995-06-01,1995-06-30,,,,5444.97,24,False,False,011.idv.tw (close only)
1995-07-31,1995-07-01,1995-07-31,1995-07-03,1995-07-31,,,,5180.42,25,False,False,011.idv.tw (close only)
1995-08-31,1995-08-01,1995-08-31,1995-08-01,1995-08-31,,,,4809.93,27,False,False,011.idv.tw (close only)
1995-09-30,1995-09-01,1995-09-30,1995-09-01,1995-09-30,,,,5033.06,23,False,False,011.idv.tw (close only)
1995-10-30,1995-10-01,1995-10-31,1995-10-02,1995-10-30,,,,4817.04,23,False,False,011.idv.tw (close only)
1995-11-30,1995-11-01,1995-11-30,1995-11-01,1995-11-30,,,,4777.20,25,False,False,011.idv.tw (close only)
1995-12-30,1995-12-01,1995-12-31,1995-12-01,1995-12-30,,,,5173.73,24,False,False,011.idv.tw (close only)
1996-01-31,1996-01-01,1996-01-31,1996-01-04,1996-01-31,,,,4763.40,24,False,False,011.idv.tw (close only)
1996-02-29,1996-02-01,1996-02-29,1996-02-01,1996-02-29,,,,4797.67,19,False,False,011.idv.tw (close only)
1996-03-28,1996-03-01,1996-03-31,1996-03-01,1996-03-28,,,,5032.35,23,False,False,011.idv.tw (close only)
1996-04-30,1996-04-01,1996-04-30,1996-04-01,1996-04-30,,,,6134.28,24,False,False,011.idv.tw (close only)
1996-05-31,1996-05-01,1996-05-31,1996-05-01,1996-05-31,,,,5966.82,27,False,False,011.idv.tw (close only)
1996-06-29,1996-06-01,1996-06-30,1996-06-01,1996-06-29,,,,6560.41,24,False,False,011.idv.tw (close only)
1996-07-30,1996-07-01,1996-07-31,1996-07-02,1996-07-30,,,,6106.97,25,False,False,011.idv.tw (close only)
1996-08-31,1996-08-01,1996-08-31,1996-08-02,1996-08-31,,,,6324.60,26,False,False,011.idv.tw (close only)
1996-09-30,1996-09-01,1996-09-30,1996-09-02,1996-09-30,,,,6504.68,23,False,False,011.idv.tw (close only)
1996-10-30,1996-10-01,1996-10-31,1996-10-01,1996-10-30,,,,6426.09,23,False,False,011.idv.tw (close only)
1996-11-30,1996-11-01,1996-11-30,1996-11-01,1996-11-30,,,,6826.06,25,False,False,011.idv.tw (close only)
1996-12-31,1996-12-01,1996-12-31,1996-12-02,1996-12-31,,,,6933.94,25,False,False,011.idv.tw (close only)
1997-01-31,1997-01-01,1997-01-31,1997-01-04,1997-01-31,,,,7283.40,24,False,False,011.idv.tw (close only)
1997-02-28,1997-02-01,1997-02-28,1997-02-01,1997-02-28,,,,7875.32,18,False,False,011.idv.tw (close only)
1997-03-31,1997-03-01,1997-03-31,1997-03-01,1997-03-31,,,,8004.20,25,False,False,011.idv.tw (close only)
1997-04-30,1997-04-01,1997-04-30,1997-04-01,1997-04-30,,,,8485.66,24,False,False,011.idv.tw (close only)
1997-05-31,1997-05-01,1997-05-31,1997-05-02,1997-05-31,,,,8163.11,26,False,False,011.idv.tw (close only)
1997-06-30,1997-06-01,1997-06-30,1997-06-02,1997-06-30,,,,9030.28,24,False,False,011.idv.tw (close only)
1997-07-31,1997-07-01,1997-07-31,1997-07-02,1997-07-31,,,,10066.35,26,False,False,011.idv.tw (close only)
1997-08-30,1997-08-01,1997-08-31,1997-08-01,1997-08-30,,,,9756.47,24,False,False,011.idv.tw (close only)
1997-09-30,1997-09-01,1997-09-30,1997-09-01,1997-09-30,,,,8708.83,24,False,False,011.idv.tw (close only)
1997-10-30,1997-10-01,1997-10-31,1997-10-01,1997-10-30,,,,7313.40,23,False,False,011.idv.tw (close only)
1997-11-28,1997-11-01,1997-11-30,1997-11-03,1997-11-28,,,,7797.19,22,False,False,011.idv.tw (close only)
1997-12-31,1997-12-01,1997-12-31,1997-12-01,1997-12-31,,,,8187.27,26,False,False,011.idv.tw (close only)
1998-01-22,1998-01-01,1998-01-31,1998-01-03,1998-01-22,,,,8085.47,16,False,False,011.idv.tw (close only)
1998-02-27,1998-02-01,1998-02-28,1998-02-02,1998-02-27,,,,9202.56,22,False,False,011.idv.tw (close only)
1998-03-31,1998-03-01,1998-03-31,1998-03-02,1998-03-31,,,,9091.16,24,False,False,011.idv.tw (close only)
1998-04-30,1998-04-01,1998-04-30,1998-04-01,1998-04-30,,,,8304.21,23,False,False,011.idv.tw (close only)
1998-05-29,1998-05-01,1998-05-31,1998-05-02,1998-05-29,,,,7903.34,22,False,False,011.idv.tw (close only)
1998-06-30,1998-06-01,1998-06-30,1998-06-01,1998-06-30,,,,7548.81,24,False,False,011.idv.tw (close only)
1998-07-31,1998-07-01,1998-07-31,1998-07-02,1998-07-31,,,,7653.51,24,False,False,011.idv.tw (close only)
1998-08-31,1998-08-01,1998-08-31,1998-08-01,1998-08-31,,,,6550.11,24,False,False,011.idv.tw (close only)
1998-09-30,1998-09-01,1998-09-30,1998-09-01,1998-09-30,,,,6833.95,24,False,False,011.idv.tw (close only)
1998-10-31,1998-10-01,1998-10-31,1998-10-01,1998-10-31,,,,7165.98,23,False,False,011.idv.tw (close only)
1998-11-30,1998-11-01,1998-11-30,1998-11-02,1998-11-30,,,,7177.22,22,False,False,011.idv.tw (close only)
1998-12-31,1998-12-01,1998-12-31,1998-12-01,1998-12-31,,,,6418.43,23,False,False,011.idv.tw (close only)
1999-01-30,1999-01-01,1999-01-31,1999-01-05,1999-01-30,6310.41,6577.92,5949.45,5998.32,21,False,True,TWSE
1999-02-26,1999-02-01,1999-02-28,1999-02-01,1999-02-26,5948.35,6383.04,5422.66,6318.52,15,False,True,TWSE
1999-03-31,1999-03-01,1999-03-31,1999-03-01,1999-03-31,6324.40,7133.03,6228.53,6881.72,25,False,True,TWSE
1999-04-30,1999-04-01,1999-04-30,1999-04-01,1999-04-30,6876.64,7703.76,6876.64,7371.17,23,False,True,TWSE
1999-05-31,1999-05-01,1999-05-31,1999-05-03,1999-05-31,7393.58,7705.63,7310.52,7316.57,23,False,True,TWSE
1999-06-30,1999-06-01,1999-06-30,1999-06-01,1999-06-30,7324.42,8661.39,7313.12,8467.37,22,False,True,TWSE
1999-07-31,1999-07-01,1999-07-31,1999-07-02,1999-07-31,8508.79,8710.71,7068.88,7326.75,24,False,True,TWSE
1999-08-31,1999-08-01,1999-08-31,1999-08-02,1999-08-31,7328.54,8278.30,6771.75,8157.73,24,False,True,TWSE
1999-09-30,1999-09-01,1999-09-30,1999-09-01,1999-09-30,8225.61,8414.60,7415.58,7598.79,20,False,True,TWSE
1999-10-30,1999-10-01,1999-10-31,1999-10-01,1999-10-30,7633.08,7959.52,7462.45,7854.85,24,False,True,TWSE
1999-11-30,1999-11-01,1999-11-30,1999-11-01,1999-11-30,7871.07,8152.33,7261.31,7720.87,23,False,True,TWSE
1999-12-28,1999-12-01,1999-12-31,1999-12-01,1999-12-28,7702.18,8480.50,7684.42,8448.84,22,False,True,TWSE
2000-01-31,2000-01-01,2000-01-31,2000-01-04,2000-01-31,8644.91,9753.72,8642.50,9744.89,22,False,True,TWSE
2000-02-29,2000-02-01,2000-02-29,2000-02-01,2000-02-29,9829.68,10393.59,9407.79,9435.94,16,False,True,TWSE
2000-03-31,2000-03-01,2000-03-31,2000-03-01,2000-03-31,9572.24,10071.26,8250.46,9854.95,24,False,True,TWSE
2000-04-29,2000-04-01,2000-04-30,2000-04-01,2000-04-29,9892.78,10328.98,8458.40,8777.35,22,False,True,TWSE
2000-05-31,2000-05-01,2000-05-31,2000-05-02,2000-05-31,8836.83,9167.78,8281.68,8939.52,24,False,True,TWSE
2000-06-30,2000-06-01,2000-06-30,2000-06-01,2000-06-30,8936.43,9209.48,8050.02,8265.09,23,False,True,TWSE
2000-07-31,2000-07-01,2000-07-31,2000-07-03,2000-07-31,8260.95,8643.21,7723.44,8114.92,23,False,True,TWSE
2000-08-31,2000-08-01,2000-08-31,2000-08-01,2000-08-31,8171.58,8305.67,7440.81,7616.98,24,False,True,TWSE
2000-09-30,2000-09-01,2000-09-30,2000-09-01,2000-09-30,7659.82,7829.34,6155.65,6185.14,23,False,True,TWSE
2000-10-31,2000-10-01,2000-10-31,2000-10-02,2000-10-31,6165.64,6425.69,5074.44,5544.18,23,False,True,TWSE
2000-11-30,2000-11-01,2000-11-30,2000-11-01,2000-11-30,5552.30,6164.62,4760.68,5256.93,24,False,True,TWSE
2000-12-30,2000-12-01,2000-12-31,2000-12-01,2000-12-30,5173.02,5403.14,4555.91,4739.09,23,False,True,TWSE
2001-01-31,2001-01-01,2001-01-31,2001-01-02,2001-01-31,4717.49,5992.43,4678.00,5936.20,16,False,True,TWSE
2001-02-27,2001-02-01,2001-02-28,2001-02-01,2001-02-27,5927.25,6198.22,5653.86,5674.69,19,False,True,TWSE
2001-03-30,2001-03-01,2001-03-31,2001-03-01,2001-03-30,5581.95,5981.31,5471.62,5797.92,22,False,True,TWSE
2001-04-30,2001-04-01,2001-04-30,2001-04-02,2001-04-30,5797.85,5797.85,5345.60,5381.67,20,False,True,TWSE
2001-05-31,2001-05-01,2001-05-31,2001-05-02,2001-05-31,5469.95,5502.53,4902.22,5048.86,22,False,True,TWSE
2001-06-29,2001-06-01,2001-06-30,2001-06-01,2001-06-29,5090.66,5318.71,4741.54,4883.43,20,False,True,TWSE
2001-07-31,2001-07-01,2001-07-31,2001-07-02,2001-07-31,4886.49,4906.82,4008.08,4352.98,21,False,True,TWSE
2001-08-31,2001-08-01,2001-08-31,2001-08-01,2001-08-31,4402.71,4715.20,4303.34,4509.44,23,False,True,TWSE
2001-09-28,2001-09-01,2001-09-30,2001-09-03,2001-09-28,4520.00,4526.27,3411.68,3636.94,18,False,True,TWSE + Yahoo Finance ^TWII
2001-10-31,2001-10-01,2001-10-31,2001-10-02,2001-10-31,3623.67,4104.21,3436.25,3903.49,21,False,True,TWSE
2001-11-30,2001-11-01,2001-11-30,2001-11-01,2001-11-30,3939.08,4722.18,3910.84,4441.12,22,False,True,TWSE
2001-12-31,2001-12-01,2001-12-31,2001-12-03,2001-12-31,4534.37,5651.98,4532.19,5551.24,21,False,True,TWSE
2002-01-31,2002-01-01,2002-01-31,2002-01-02,2002-01-31,5575.34,6049.12,5375.40,5872.14,22,False,True,TWSE
2002-02-27,2002-02-01,2002-02-28,2002-02-01,2002-02-27,5948.10,6048.65,5492.94,5696.11,12,False,True,TWSE
2002-03-29,2002-03-01,2002-03-31,2002-03-01,2002-03-29,5672.03,6326.43,5645.80,6167.47,21,False,True,TWSE
2002-04-30,2002-04-01,2002-04-30,2002-04-01,2002-04-30,6118.45,6484.93,6009.45,6065.73,21,False,True,TWSE
2002-05-31,2002-05-01,2002-05-31,2002-05-02,2002-05-31,6099.27,6106.77,5421.80,5675.65,22,False,True,TWSE
2002-06-28,2002-06-01,2002-06-30,2002-06-03,2002-06-28,5628.27,5656.91,5048.31,5153.71,20,False,True,TWSE
2002-07-31,2002-07-01,2002-07-31,2002-07-01,2002-07-31,5124.50,5460.09,4796.45,4940.38,23,False,True,TWSE
2002-08-30,2002-08-01,2002-08-31,2002-08-01,2002-08-30,4923.29,5030.24,4506.60,4764.94,22,False,True,TWSE
2002-09-30,2002-09-01,2002-09-30,2002-09-02,2002-09-30,4756.01,4756.01,4082.94,4191.81,20,False,True,TWSE
2002-10-31,2002-10-01,2002-10-31,2002-10-01,2002-10-31,4146.67,4682.94,3845.76,4579.14,22,False,True,Yahoo Finance ^TWII
2002-11-29,2002-11-01,2002-11-30,2002-11-01,2002-11-29,4596.69,4862.66,4486.34,4646.69,21,False,True,Yahoo Finance ^TWII
2002-12-31,2002-12-01,2002-12-31,2002-12-02,2002-12-31,4655.42,4867.23,4413.14,4452.45,22,False,True,Yahoo Finance ^TWII
2003-01-28,2003-01-01,2003-01-31,2003-01-02,2003-01-28,4460.57,5141.80,4431.19,5015.16,19,False,True,Yahoo Finance ^TWII
2003-02-27,2003-02-01,2003-02-28,2003-02-06,2003-02-27,4975.65,4975.65,4385.61,4432.46,16,False,True,Yahoo Finance ^TWII
2003-03-31,2003-03-01,2003-03-31,2003-03-03,2003-03-31,4483.44,4619.98,4240.60,4321.22,21,False,True,Yahoo Finance ^TWII
2003-04-30,2003-04-01,2003-04-30,2003-04-01,2003-04-30,4275.39,4677.42,4044.73,4148.07,22,False,True,Yahoo Finance ^TWII
2003-05-30,2003-05-01,2003-05-31,2003-05-02,2003-05-30,4130.60,4639.01,4108.67,4555.90,21,False,True,Yahoo Finance ^TWII
2003-06-30,2003-06-01,2003-06-30,2003-06-02,2003-06-30,4620.54,5089.08,4612.10,4872.15,20,False,True,Yahoo Finance ^TWII
2003-07-31,2003-07-01,2003-07-31,2003-07-01,2003-07-31,4893.58,5504.38,4893.58,5318.34,23,False,True,Yahoo Finance ^TWII
2003-08-29,2003-08-01,2003-08-31,2003-08-01,2003-08-29,5365.73,5692.93,5174.77,5650.83,21,False,True,Yahoo Finance ^TWII
2003-09-30,2003-09-01,2003-09-30,2003-09-01,2003-09-30,5690.84,5809.43,5591.33,5611.41,21,False,True,Yahoo Finance ^TWII
2003-10-31,2003-10-01,2003-10-31,2003-10-01,2003-10-31,5599.10,6173.85,5560.55,6045.12,22,False,True,Yahoo Finance ^TWII
2003-11-28,2003-11-01,2003-11-30,2003-11-03,2003-11-28,6054.31,6182.20,5740.57,5771.77,20,False,True,Yahoo Finance ^TWII
2003-12-31,2003-12-01,2003-12-31,2003-12-01,2003-12-31,5768.69,5945.53,5718.44,5890.69,23,False,True,Yahoo Finance ^TWII
2004-01-30,2004-01-01,2004-01-31,2004-01-02,2004-01-30,5907.15,6421.45,5907.15,6375.38,15,False,True,Yahoo Finance ^TWII
2004-02-27,2004-02-01,2004-02-29,2004-02-02,2004-02-27,6379.98,6756.76,6210.35,6750.54,20,False,True,Yahoo Finance ^TWII
2004-03-31,2004-03-01,2004-03-31,2004-03-01,2004-03-31,6816.79,7135.00,6020.64,6522.19,23,False,True,Yahoo Finance ^TWII
2004-04-30,2004-04-01,2004-04-30,2004-04-01,2004-04-30,6504.54,6916.31,6023.58,6117.81,22,False,True,Yahoo Finance ^TWII
2004-05-31,2004-05-01,2004-05-31,2004-05-03,2004-05-31,6102.60,6191.84,5450.72,5977.84,21,False,True,Yahoo Finance ^TWII
2004-06-30,2004-06-01,2004-06-30,2004-06-01,2004-06-30,5991.49,6010.50,5514.17,5839.44,21,False,True,Yahoo Finance ^TWII
2004-07-30,2004-07-01,2004-07-31,2004-07-01,2004-07-30,5849.74,5870.59,5280.42,5420.57,22,False,True,Yahoo Finance ^TWII
2004-08-31,2004-08-01,2004-08-31,2004-08-02,2004-08-31,5404.19,5864.57,5255.06,5765.54,20,False,True,Yahoo Finance ^TWII
2004-09-30,2004-09-01,2004-09-30,2004-09-01,2004-09-30,5799.82,5970.29,5712.95,5845.69,21,False,True,Yahoo Finance ^TWII
2004-10-29,2004-10-01,2004-10-31,2004-10-01,2004-10-29,5869.42,6135.55,5597.80,5705.93,20,False,True,Yahoo Finance ^TWII
2004-11-30,2004-11-01,2004-11-30,2004-11-01,2004-11-30,5725.65,6088.12,5628.25,5844.76,22,False,True,Yahoo Finance ^TWII
2004-12-31,2004-12-01,2004-12-31,2004-12-01,2004-12-31,5778.06,6160.96,5745.05,6139.69,23,False,True,Yahoo Finance ^TWII
2005-01-31,2005-01-01,2005-01-31,2005-01-03,2005-01-31,6166.39,6183.15,5734.87,5994.23,21,False,True,Yahoo Finance ^TWII
2005-02-25,2005-02-01,2005-02-28,2005-02-01,2005-02-25,6015.78,6233.53,5979.92,6207.83,13,False,True,Yahoo Finance ^TWII
2005-03-31,2005-03-01,2005-03-31,2005-03-01,2005-03-31,6227.42,6267.52,5940.18,6005.88,23,False,True,Yahoo Finance ^TWII
2005-04-29,2005-04-01,2005-04-30,2005-04-01,2005-04-29,6010.71,6048.37,5565.41,5818.07,20,False,True,Yahoo Finance ^TWII
2005-05-31,2005-05-01,2005-05-31,2005-05-03,2005-05-31,5845.14,6026.53,5793.25,6011.56,21,False,True,Yahoo Finance ^TWII
2005-06-30,2005-06-01,2005-06-30,2005-06-01,2005-06-30,6002.55,6401.81,5962.88,6241.94,22,False,True,Yahoo Finance ^TWII
2005-07-29,2005-07-01,2005-07-31,2005-07-01,2005-07-29,6240.08,6480.97,6180.58,6311.98,20,False,True,Yahoo Finance ^TWII
2005-08-31,2005-08-01,2005-08-31,2005-08-01,2005-08-31,6320.67,6481.62,5976.40,6033.47,22,False,True,Yahoo Finance ^TWII
2005-09-30,2005-09-01,2005-09-30,2005-09-02,2005-09-30,6081.71,6186.12,5894.99,6118.61,21,False,True,Yahoo Finance ^TWII
2005-10-31,2005-10-01,2005-10-31,2005-10-03,2005-10-31,6128.97,6171.87,5618.90,5764.30,20,False,True,Yahoo Finance ^TWII
2005-11-30,2005-11-01,2005-11-30,2005-11-01,2005-11-30,5803.25,6212.35,5786.64,6203.47,22,False,True,Yahoo Finance ^TWII
2005-12-30,2005-12-01,2005-12-31,2005-12-01,2005-12-30,6196.36,6600.17,6162.86,6548.34,22,False,True,Yahoo Finance ^TWII
2006-01-25,2006-01-01,2006-01-31,2006-01-02,2006-01-25,6457.61,6797.20,6373.63,6532.18,18,False,True,Yahoo Finance ^TWII
2006-02-27,2006-02-01,2006-02-28,2006-02-03,2006-02-27,6592.19,6747.43,6466.21,6561.63,17,False,True,Yahoo Finance ^TWII
2006-03-31,2006-03-01,2006-03-31,2006-03-01,2006-03-31,6518.00,6685.45,6344.73,6613.97,23,False,True,Yahoo Finance ^TWII
2006-04-28,2006-04-01,2006-04-30,2006-04-03,2006-04-28,6627.32,7229.35,6615.98,7171.77,19,False,True,Yahoo Finance ^TWII
2006-05-30,2006-05-01,2006-05-31,2006-05-02,2006-05-30,7174.93,7476.07,6791.11,6846.95,21,False,True,Yahoo Finance ^TWII
2006-06-30,2006-06-01,2006-06-30,2006-06-01,2006-06-30,6874.66,6967.38,6268.92,6704.41,22,False,True,Yahoo Finance ^TWII
2006-07-31,2006-07-01,2006-07-31,2006-07-03,2006-07-31,6727.23,6789.55,6232.49,6454.58,21,False,True,Yahoo Finance ^TWII
2006-08-31,2006-08-01,2006-08-31,2006-08-01,2006-08-31,6464.59,6761.79,6405.09,6611.77,23,False,True,Yahoo Finance ^TWII
2006-09-29,2006-09-01,2006-09-30,2006-09-01,2006-09-29,6631.83,6961.92,6550.03,6883.05,21,False,True,Yahoo Finance ^TWII
2006-10-31,2006-10-01,2006-10-31,2006-10-02,2006-10-31,,,,7021.32,20,False,False,011.idv.tw (close only) + Yahoo Finance ^TWII
2006-11-30,2006-11-01,2006-11-30,2006-11-01,2006-11-30,7036.07,7567.72,7005.13,7567.72,22,False,True,Yahoo Finance ^TWII
2006-12-29,2006-12-01,2006-12-31,2006-12-01,2006-12-29,7587.51,7823.72,7369.09,7823.72,21,False,True,Yahoo Finance ^TWII
2007-01-31,2007-01-01,2007-01-31,2007-01-02,2007-01-31,7871.41,7999.42,7599.55,7699.64,22,False,True,Yahoo Finance ^TWII
2007-02-27,2007-02-01,2007-02-28,2007-02-01,2007-02-27,7751.30,7950.20,7679.78,7901.96,12,False,True,Yahoo Finance ^TWII
2007-03-30,2007-03-01,2007-03-31,2007-03-01,2007-03-30,,,,7884.41,23,False,False,011.idv.tw (close only) + Yahoo Finance ^TWII
2007-04-30,2007-04-01,2007-04-30,2007-04-02,2007-04-30,,,,7875.42,20,False,False,011.idv.tw (close only) + Yahoo Finance ^TWII
2007-05-31,2007-05-01,2007-05-31,2007-05-02,2007-05-31,7900.76,8256.25,7861.43,8144.95,22,False,True,Yahoo Finance ^TWII
2007-06-29,2007-06-01,2007-06-30,2007-06-01,2007-06-29,,,,8883.21,20,False,False,011.idv.tw (close only) + Yahoo Finance ^TWII
2007-07-31,2007-07-01,2007-07-31,2007-07-02,2007-07-31,8903.77,9807.91,8849.35,9287.25,22,False,True,Yahoo Finance ^TWII
2007-08-31,2007-08-01,2007-08-31,2007-08-01,2007-08-31,9188.60,9265.70,7987.61,8982.16,23,False,True,Yahoo Finance ^TWII
2007-09-29,2007-09-01,2007-09-30,2007-09-03,2007-09-29,,,,9476.52,18,False,False,011.idv.tw (close only) + Yahoo Finance ^TWII
2007-10-31,2007-10-01,2007-10-31,2007-10-01,2007-10-31,9523.98,9859.65,9275.72,9711.37,22,False,True,Yahoo Finance ^TWII
2007-11-30,2007-11-01,2007-11-30,2007-11-01,2007-11-30,9780.59,9785.75,8207.97,8586.40,22,False,True,Yahoo Finance ^TWII
2007-12-31,2007-12-01,2007-12-31,2007-12-03,2007-12-31,8623.12,8804.93,7664.62,8506.28,21,False,True,Yahoo Finance ^TWII
2008-01-31,2008-01-01,2008-01-31,2008-01-02,2008-01-31,8491.57,8546.20,7384.61,7521.13,22,False,True,Yahoo Finance ^TWII
2008-02-29,2008-02-01,2008-02-29,2008-02-01,2008-02-29,7613.58,8473.71,7530.37,8412.76,14,False,True,Yahoo Finance ^TWII
2008-03-31,2008-03-01,2008-03-31,2008-03-03,2008-03-31,8213.70,9049.23,7900.80,8572.59,21,False,True,Yahoo Finance ^TWII
2008-04-30,2008-04-01,2008-04-30,2008-04-01,2008-04-30,8593.20,9194.86,8419.72,8919.92,21,False,True,Yahoo Finance ^TWII
2008-05-30,2008-05-01,2008-05-31,2008-05-02,2008-05-30,8998.06,9309.95,8548.32,8619.08,21,False,True,Yahoo Finance ^TWII
2008-06-30,2008-06-01,2008-06-30,2008-06-02,2008-06-30,8638.48,8809.33,7466.20,7523.54,21,False,True,Yahoo Finance ^TWII
2008-07-31,2008-07-01,2008-07-31,2008-07-01,2008-07-31,7528.54,7569.18,6708.46,7024.06,22,False,True,Yahoo Finance ^TWII
2008-08-29,2008-08-01,2008-08-31,2008-08-01,2008-08-29,6920.75,7376.69,6809.96,7046.11,21,False,True,Yahoo Finance ^TWII
2008-09-30,2008-09-01,2008-09-30,2008-09-01,2008-09-30,6967.22,6967.22,5530.19,5719.28,21,False,True,Yahoo Finance ^TWII
2008-10-31,2008-10-01,2008-10-31,2008-10-01,2008-10-31,5854.00,5854.00,4110.09,4870.66,22,False,True,Yahoo Finance ^TWII
2008-11-28,2008-11-01,2008-11-30,2008-11-03,2008-11-28,4925.74,5095.98,3955.43,4460.49,20,False,True,Yahoo Finance ^TWII
2008-12-31,2008-12-01,2008-12-31,2008-12-01,2008-12-31,4436.12,4750.96,4190.02,4591.22,23,False,True,Yahoo Finance ^TWII
2009-01-21,2009-01-01,2009-01-31,2009-01-05,2009-01-21,,,,4247.97,15,False,False,011.idv.tw (close only) + Yahoo Finance ^TWII
2009-02-27,2009-02-01,2009-02-28,2009-02-02,2009-02-27,4277.10,4607.97,4240.08,4557.15,20,False,True,Yahoo Finance ^TWII
2009-03-31,2009-03-01,2009-03-31,2009-03-02,2009-03-31,4528.27,5468.49,4328.05,5210.84,22,False,True,Yahoo Finance ^TWII
2009-04-30,2009-04-01,2009-04-30,2009-04-01,2009-04-30,,,,5992.57,22,False,False,011.idv.tw (close only) + Yahoo Finance ^TWII
2009-05-27,2009-05-01,2009-05-31,2009-05-04,2009-05-27,6285.60,6930.59,6256.29,6890.44,18,False,True,Yahoo Finance ^TWII
2009-06-30,2009-06-01,2009-06-30,2009-06-01,2009-06-30,,,,6432.16,23,False,False,011.idv.tw (close only) + Yahoo Finance ^TWII
2009-07-31,2009-07-01,2009-07-31,2009-07-01,2009-07-31,6445.85,7185.52,6433.69,7077.71,23,False,True,Yahoo Finance ^TWII
2009-08-31,2009-08-01,2009-08-31,2009-08-03,2009-08-31,7036.47,7138.94,6629.10,6825.95,20,False,True,Yahoo Finance ^TWII
2009-09-30,2009-09-01,2009-09-30,2009-09-01,2009-09-30,6834.63,7558.88,6807.62,7509.17,22,False,True,Yahoo Finance ^TWII
2009-10-30,2009-10-01,2009-10-31,2009-10-01,2009-10-30,7581.38,7811.92,7233.63,7340.08,22,False,True,Yahoo Finance ^TWII
2009-11-30,2009-11-01,2009-11-30,2009-11-02,2009-11-30,7238.30,7875.48,7218.89,7582.21,21,False,True,Yahoo Finance ^TWII
2009-12-31,2009-12-01,2009-12-31,2009-12-01,2009-12-31,7615.95,8188.80,7549.01,8188.11,23,False,True,Yahoo Finance ^TWII
2010-01-29,2010-01-01,2010-01-31,2010-01-04,2010-01-29,8222.42,8395.39,7481.90,7640.44,20,False,True,Yahoo Finance ^TWII
2010-02-26,2010-02-01,2010-02-28,2010-02-01,2010-02-26,,,,7436.10,14,False,False,011.idv.tw (close only) + Yahoo Finance ^TWII
2010-03-31,2010-03-01,2010-03-31,2010-03-01,2010-03-31,7492.84,7994.62,7451.09,7920.06,23,False,True,Yahoo Finance ^TWII
2010-04-30,2010-04-01,2010-04-30,2010-04-01,2010-04-30,7952.62,8190.01,7842.07,8004.25,21,False,True,Yahoo Finance ^TWII
2010-05-31,2010-05-01,2010-05-31,2010-05-03,2010-05-31,7979.80,8022.45,7032.40,7373.98,21,False,True,Yahoo Finance ^TWII
2010-06-30,2010-06-01,2010-06-30,2010-06-01,2010-06-30,7327.01,7645.71,7048.60,7329.37,21,False,True,Yahoo Finance ^TWII
2010-07-30,2010-07-01,2010-07-31,2010-07-01,2010-07-30,7326.89,7807.07,7251.60,7760.63,22,False,True,Yahoo Finance ^TWII
2010-08-31,2010-08-01,2010-08-31,2010-08-02,2010-08-31,7829.19,8054.29,7577.10,7616.28,22,False,True,Yahoo Finance ^TWII
2010-09-30,2010-09-01,2010-09-30,2010-09-01,2010-09-30,7643.61,8286.93,7625.72,8237.78,21,False,True,Yahoo Finance ^TWII
2010-10-29,2010-10-01,2010-10-31,2010-10-01,2010-10-29,8259.08,8386.29,7992.81,8287.09,21,False,True,Yahoo Finance ^TWII
2010-11-30,2010-11-01,2010-11-30,2010-11-01,2010-11-30,8343.52,8473.66,8226.71,8372.48,22,False,True,Yahoo Finance ^TWII
2010-12-31,2010-12-01,2010-12-31,2010-12-01,2010-12-31,8430.60,8990.38,8428.64,8972.50,23,False,True,Yahoo Finance ^TWII
2011-01-28,2011-01-01,2011-01-31,2011-01-03,2011-01-28,9039.63,9154.93,8738.93,9145.35,20,False,True,Yahoo Finance ^TWII
2011-02-25,2011-02-01,2011-02-28,2011-02-08,2011-02-25,9220.69,9220.69,8470.09,8599.65,14,False,True,Yahoo Finance ^TWII
2011-03-31,2011-03-01,2011-03-31,2011-03-01,2011-03-31,8611.79,8829.23,8070.52,8683.30,23,False,True,Yahoo Finance ^TWII
2011-04-29,2011-04-01,2011-04-30,2011-04-01,2011-04-29,8697.84,9099.75,8592.23,9007.87,19,False,True,Yahoo Finance ^TWII
2011-05-31,2011-05-01,2011-05-31,2011-05-03,2011-05-31,9014.33,9082.01,8673.38,8988.84,21,False,True,Yahoo Finance ^TWII
2011-06-30,2011-06-01,2011-06-30,2011-06-01,2011-06-30,8999.84,9089.47,8433.46,8652.59,21,False,True,Yahoo Finance ^TWII
2011-07-29,2011-07-01,2011-07-31,2011-07-01,2011-07-29,8684.39,8842.17,8410.44,8644.18,21,False,True,Yahoo Finance ^TWII
2011-08-31,2011-08-01,2011-08-31,2011-08-01,2011-08-31,8629.97,8707.87,7148.76,7741.36,23,False,True,Yahoo Finance ^TWII
2011-09-30,2011-09-01,2011-09-30,2011-09-01,2011-09-30,7799.18,7886.04,6877.12,7225.38,21,False,True,Yahoo Finance ^TWII
2011-10-31,2011-10-01,2011-10-31,2011-10-03,2011-10-31,7128.66,7743.37,6889.99,7587.69,20,False,True,Yahoo Finance ^TWII
2011-11-30,2011-11-01,2011-11-30,2011-11-01,2011-11-30,7547.24,7683.09,6744.26,6904.12,22,False,True,Yahoo Finance ^TWII
2011-12-30,2011-12-01,2011-12-31,2011-12-01,2011-12-30,7132.41,7199.26,6609.11,7072.08,22,False,True,Yahoo Finance ^TWII
2012-01-31,2012-01-01,2012-01-31,2012-01-02,2012-01-31,,,,7517.08,15,False,False,011.idv.tw (close only) + Yahoo Finance ^TWII
2012-02-29,2012-02-01,2012-02-29,2012-02-01,2012-02-29,,,,8121.44,20,False,False,011.idv.tw (close only) + Yahoo Finance ^TWII
2012-03-30,2012-03-01,2012-03-31,2012-03-01,2012-03-30,,,,7933.00,23,False,False,011.idv.tw (close only) + Yahoo Finance ^TWII
2012-04-30,2012-04-01,2012-04-30,2012-04-02,2012-04-30,7905.88,7928.43,7422.14,7501.72,20,False,True,Yahoo Finance ^TWII
2012-05-31,2012-05-01,2012-05-31,2012-05-02,2012-05-31,7511.76,7704.87,7047.32,7301.50,22,False,True,Yahoo Finance ^TWII
2012-06-29,2012-06-01,2012-06-30,2012-06-01,2012-06-29,7213.69,7334.63,6857.35,7296.28,21,False,True,Yahoo Finance ^TWII
2012-07-31,2012-07-01,2012-07-31,2012-07-02,2012-07-31,7332.09,7442.55,6922.73,7270.49,22,False,True,Yahoo Finance ^TWII
2012-08-31,2012-08-01,2012-08-31,2012-08-01,2012-08-31,7242.58,7536.32,7186.78,7397.06,22,False,True,Yahoo Finance ^TWII
2012-09-28,2012-09-01,2012-09-30,2012-09-03,2012-09-28,7430.40,7789.39,7313.56,7715.16,20,False,True,Yahoo Finance ^TWII
2012-10-31,2012-10-01,2012-10-31,2012-10-01,2012-10-31,7702.12,7727.53,7091.19,7166.05,22,False,True,Yahoo Finance ^TWII
2012-11-30,2012-11-01,2012-11-30,2012-11-01,2012-11-30,7141.97,7590.69,7050.05,7580.17,22,False,True,Yahoo Finance ^TWII
2012-12-28,2012-12-01,2012-12-31,2012-12-03,2012-12-28,,,,7699.50,21,False,False,011.idv.tw (close only) + Yahoo Finance ^TWII
2013-01-31,2013-01-01,2013-01-31,2013-01-02,2013-01-31,7738.05,7855.16,7603.27,7850.02,22,False,True,Yahoo Finance ^TWII
2013-02-27,2013-02-01,2013-02-28,2013-02-01,2013-02-27,,,,7897.98,13,False,False,011.idv.tw (close only) + Yahoo Finance ^TWII
2013-03-29,2013-03-01,2013-03-31,2013-03-01,2013-03-29,7917.72,8089.21,7786.56,7918.61,21,False,True,Yahoo Finance ^TWII
2013-04-30,2013-04-01,2013-04-30,2013-04-01,2013-04-30,7934.25,8115.59,7688.62,8093.66,20,False,True,Yahoo Finance ^TWII
2013-05-31,2013-05-01,2013-05-31,2013-05-02,2013-05-31,8111.43,8439.15,8095.70,8254.80,22,False,True,Yahoo Finance ^TWII
2013-06-28,2013-06-01,2013-06-30,2013-06-03,2013-06-28,8177.97,8250.17,7663.23,8062.21,19,False,True,Yahoo Finance ^TWII
2013-07-31,2013-07-01,2013-07-31,2013-07-01,2013-07-31,8011.95,8265.70,7877.06,8107.94,23,False,True,Yahoo Finance ^TWII
2013-08-30,2013-08-01,2013-08-31,2013-08-01,2013-08-30,8110.73,8162.91,7737.33,8021.89,21,False,True,Yahoo Finance ^TWII
2013-09-30,2013-09-01,2013-09-30,2013-09-02,2013-09-30,,,,8173.87,20,False,False,011.idv.tw (close only) + Yahoo Finance ^TWII
2013-10-31,2013-10-01,2013-10-31,2013-10-01,2013-10-31,8173.99,8469.58,8172.79,8450.06,22,False,True,Yahoo Finance ^TWII
2013-11-29,2013-11-01,2013-11-30,2013-11-01,2013-11-29,8474.47,8476.63,8093.82,8406.83,21,False,True,Yahoo Finance ^TWII
2013-12-31,2013-12-01,2013-12-31,2013-12-02,2013-12-31,8429.24,8647.24,8313.87,8611.51,22,False,True,Yahoo Finance ^TWII
2014-01-27,2014-01-01,2014-01-31,2014-01-02,2014-01-27,8618.60,8668.95,8442.19,8462.57,18,False,True,Yahoo Finance ^TWII
2014-02-27,2014-02-01,2014-02-28,2014-02-05,2014-02-27,8290.17,8647.90,8230.46,8639.58,17,False,True,Yahoo Finance ^TWII
2014-03-31,2014-03-01,2014-03-31,2014-03-03,2014-03-31,8627.15,8849.28,8508.01,8849.28,21,False,True,Yahoo Finance ^TWII
2014-04-30,2014-04-01,2014-04-30,2014-04-01,2014-04-30,8847.34,9022.28,8671.65,8791.44,21,False,True,Yahoo Finance ^TWII
2014-05-30,2014-05-01,2014-05-31,2014-05-02,2014-05-30,8846.86,9139.57,8803.43,9075.91,21,False,True,Yahoo Finance ^TWII
2014-06-30,2014-06-01,2014-06-30,2014-06-03,2014-06-30,9106.61,9393.07,9070.45,9393.07,20,False,True,Yahoo Finance ^TWII
2014-07-31,2014-07-01,2014-07-31,2014-07-01,2014-07-31,9393.07,9593.68,9313.87,9315.85,23,False,True,Yahoo Finance ^TWII
2014-08-29,2014-08-01,2014-08-31,2014-08-01,2014-08-29,9223.75,9502.42,9014.89,9436.27,21,False,True,Yahoo Finance ^TWII
2014-09-30,2014-09-01,2014-09-30,2014-09-01,2014-09-30,9474.41,9532.66,8860.17,8966.92,21,False,True,Yahoo Finance ^TWII
2014-10-31,2014-10-01,2014-10-31,2014-10-01,2014-10-31,8958.87,9122.54,8501.29,8974.76,22,False,True,Yahoo Finance ^TWII
2014-11-28,2014-11-01,2014-11-30,2014-11-03,2014-11-28,9009.38,9217.73,8828.15,9187.15,20,False,True,Yahoo Finance ^TWII
2014-12-31,2014-12-01,2014-12-31,2014-12-01,2014-12-31,,,,9307.26,24,False,False,011.idv.tw (close only) + Yahoo Finance ^TWII
2015-01-30,2015-01-01,2015-01-31,2015-01-05,2015-01-30,9292.31,9523.73,9043.44,9361.91,20,False,True,Yahoo Finance ^TWII
2015-02-26,2015-02-01,2015-02-28,2015-02-02,2015-02-26,9368.83,9699.54,9352.19,9622.10,13,False,True,Yahoo Finance ^TWII
2015-03-31,2015-03-01,2015-03-31,2015-03-02,2015-03-31,9665.11,9775.63,9472.54,9586.44,22,False,True,Yahoo Finance ^TWII
2015-04-30,2015-04-01,2015-04-30,2015-04-01,2015-04-30,9575.11,10014.28,9503.53,9820.05,20,False,True,Yahoo Finance ^TWII
2015-05-29,2015-05-01,2015-05-31,2015-05-04,2015-05-29,9853.51,9871.65,9536.16,9701.07,20,False,True,Yahoo Finance ^TWII
2015-06-30,2015-06-01,2015-06-30,2015-06-01,2015-06-30,9688.13,9692.34,9170.09,9323.02,21,False,True,Yahoo Finance ^TWII
2015-07-31,2015-07-01,2015-07-31,2015-07-01,2015-07-31,9311.76,9404.76,8516.23,8665.34,22,False,True,Yahoo Finance ^TWII
2015-08-31,2015-08-01,2015-08-31,2015-08-03,2015-08-31,8636.53,8636.53,7203.07,8174.92,21,False,True,Yahoo Finance ^TWII
2015-09-30,2015-09-01,2015-09-30,2015-09-01,2015-09-30,8117.50,8488.53,7907.31,8181.24,20,False,True,Yahoo Finance ^TWII
2015-10-30,2015-10-01,2015-10-31,2015-10-01,2015-10-30,8194.30,8757.14,8170.78,8554.31,21,False,True,Yahoo Finance ^TWII
2015-11-30,2015-11-01,2015-11-30,2015-11-02,2015-11-30,8571.53,8871.87,8217.34,8320.61,21,False,True,Yahoo Finance ^TWII
2015-12-31,2015-12-01,2015-12-31,2015-12-01,2015-12-31,8359.27,8535.36,7980.59,8338.06,23,False,True,Yahoo Finance ^TWII
2016-01-30,2016-01-01,2016-01-31,2016-01-04,2016-01-30,,,,8145.21,21,False,False,011.idv.tw (close only) + Yahoo Finance ^TWII
2016-02-26,2016-02-01,2016-02-29,2016-02-01,2016-02-26,8164.24,8432.74,7953.99,8411.16,13,False,True,Yahoo Finance ^TWII
2016-03-31,2016-03-01,2016-03-31,2016-03-01,2016-03-31,8381.38,8840.75,8378.06,8744.83,23,False,True,Yahoo Finance ^TWII
2016-04-29,2016-04-01,2016-04-30,2016-04-01,2016-04-29,8700.38,8743.35,8352.23,8377.90,19,False,True,Yahoo Finance ^TWII
2016-05-31,2016-05-01,2016-05-31,2016-05-03,2016-05-31,8362.35,8563.40,7999.98,8535.59,21,False,True,Yahoo Finance ^TWII
2016-06-30,2016-06-01,2016-06-30,2016-06-01,2016-06-30,,,,8666.58,21,False,False,011.idv.tw (close only) + Yahoo Finance ^TWII
2016-07-29,2016-07-01,2016-07-31,2016-07-01,2016-07-29,8692.48,9085.91,8569.15,8984.41,21,False,True,Yahoo Finance ^TWII
2016-08-31,2016-08-01,2016-08-31,2016-08-01,2016-08-31,9008.74,9200.42,8928.33,9068.85,23,False,True,Yahoo Finance ^TWII
2016-09-30,2016-09-01,2016-09-30,2016-09-01,2016-09-30,,,,9166.85,19,False,False,011.idv.tw (close only) + Yahoo Finance ^TWII
2016-10-31,2016-10-01,2016-10-31,2016-10-03,2016-10-31,9219.52,9399.97,9074.99,9290.12,20,False,True,Yahoo Finance ^TWII
2016-11-30,2016-11-01,2016-11-30,2016-11-01,2016-11-30,9272.30,9296.86,8879.69,9240.71,22,False,True,Yahoo Finance ^TWII
2016-12-30,2016-12-01,2016-12-31,2016-12-01,2016-12-30,9245.55,9430.34,9078.64,9253.50,22,False,True,Yahoo Finance ^TWII
2017-01-24,2017-01-01,2017-01-31,2017-01-03,2017-01-24,9252.56,9468.34,9235.95,9447.95,16,False,True,Yahoo Finance ^TWII
2017-02-24,2017-02-01,2017-02-28,2017-02-02,2017-02-24,,,,9750.47,18,False,False,011.idv.tw (close only) + Yahoo Finance ^TWII
2017-03-31,2017-03-01,2017-03-31,2017-03-01,2017-03-31,9751.12,9976.61,9562.75,9811.52,23,False,True,Yahoo Finance ^TWII
2017-04-28,2017-04-01,2017-04-30,2017-04-05,2017-04-28,9856.44,9949.48,9622.25,9872.00,18,False,True,Yahoo Finance ^TWII
2017-05-31,2017-05-01,2017-05-31,2017-05-02,2017-05-31,9926.44,10121.88,9895.65,10040.72,20,False,True,Yahoo Finance ^TWII
2017-06-30,2017-06-01,2017-06-30,2017-06-01,2017-06-30,,,,10395.07,23,False,False,011.idv.tw (close only) + Yahoo Finance ^TWII
2017-07-31,2017-07-01,2017-07-31,2017-07-03,2017-07-31,10368.99,10537.42,10283.95,10427.33,21,False,True,Yahoo Finance ^TWII
2017-08-31,2017-08-01,2017-08-31,2017-08-01,2017-08-31,10408.53,10619.42,10225.28,10585.78,23,False,True,Yahoo Finance ^TWII
2017-09-30,2017-09-01,2017-09-30,2017-09-01,2017-09-30,,,,10383.94,22,False,False,011.idv.tw (close only) + Yahoo Finance ^TWII
2017-10-31,2017-10-01,2017-10-31,2017-10-02,2017-10-31,10425.10,10842.25,10414.53,10793.80,19,False,True,Yahoo Finance ^TWII
2017-11-30,2017-11-01,2017-11-30,2017-11-01,2017-11-30,10816.04,10882.65,10560.44,10560.44,22,False,True,Yahoo Finance ^TWII
2017-12-29,2017-12-01,2017-12-31,2017-12-01,2017-12-29,10591.62,10665.92,10322.76,10642.86,21,False,True,Yahoo Finance ^TWII
2018-01-31,2018-01-01,2018-01-31,2018-01-02,2018-01-31,10664.82,11270.18,10650.77,11103.79,22,False,True,Yahoo Finance ^TWII
2018-02-27,2018-02-01,2018-02-28,2018-02-01,2018-02-27,11139.40,11212.10,10189.04,10815.47,13,False,True,Yahoo Finance ^TWII
2018-03-31,2018-03-01,2018-03-31,2018-03-01,2018-03-31,,,,10919.49,23,False,False,011.idv.tw (close only) + Yahoo Finance ^TWII
2018-04-30,2018-04-01,2018-04-30,2018-04-02,2018-04-30,10936.26,11016.35,10478.98,10657.88,18,False,True,Yahoo Finance ^TWII
2018-05-31,2018-05-01,2018-05-31,2018-05-02,2018-05-31,10665.52,11034.12,10500.97,10874.96,22,False,True,Yahoo Finance ^TWII
2018-06-29,2018-06-01,2018-06-30,2018-06-01,2018-06-29,10882.68,11261.68,10633.01,10836.91,20,False,True,Yahoo Finance ^TWII
2018-07-31,2018-07-01,2018-07-31,2018-07-02,2018-07-31,10852.17,11080.41,10523.58,11057.51,22,False,True,Yahoo Finance ^TWII
2018-08-31,2018-08-01,2018-08-31,2018-08-01,2018-08-31,11062.36,11186.05,10606.26,11063.94,23,False,True,Yahoo Finance ^TWII
2018-09-28,2018-09-01,2018-09-30,2018-09-03,2018-09-28,11087.86,11097.11,10667.25,11006.34,19,False,True,Yahoo Finance ^TWII
2018-10-31,2018-10-01,2018-10-31,2018-10-01,2018-10-31,11014.19,11064.34,9400.69,9802.13,22,False,True,Yahoo Finance ^TWII
2018-11-30,2018-11-01,2018-11-30,2018-11-01,2018-11-30,9812.20,10014.42,9616.16,9888.03,22,False,True,Yahoo Finance ^TWII
2018-12-28,2018-12-01,2018-12-31,2018-12-03,2018-12-28,9979.21,10148.75,9473.30,9727.41,20,False,True,Yahoo Finance ^TWII
2019-01-30,2019-01-01,2019-01-31,2019-01-02,2019-01-30,9725.27,10020.60,9319.28,9932.26,21,False,True,Yahoo Finance ^TWII
2019-02-27,2019-02-01,2019-02-28,2019-02-11,2019-02-27,10029.84,10416.91,9988.83,10389.17,13,False,True,Yahoo Finance ^TWII
2019-03-29,2019-03-01,2019-03-31,2019-03-04,2019-03-29,10385.25,10667.94,10204.21,10641.04,20,False,True,Yahoo Finance ^TWII
2019-04-30,2019-04-01,2019-04-30,2019-04-01,2019-04-30,10714.68,11077.99,10627.01,10967.73,20,False,True,Yahoo Finance ^TWII
2019-05-31,2019-05-01,2019-05-31,2019-05-02,2019-05-31,10992.76,11097.00,10227.44,10498.49,22,False,True,Yahoo Finance ^TWII
2019-06-28,2019-06-01,2019-06-30,2019-06-03,2019-06-28,10482.45,10840.29,10371.08,10730.83,19,False,True,Yahoo Finance ^TWII
2019-07-31,2019-07-01,2019-07-31,2019-07-01,2019-07-31,10821.30,10994.44,10680.85,10823.81,23,False,True,Yahoo Finance ^TWII
2019-08-30,2019-08-01,2019-08-31,2019-08-01,2019-08-30,10773.06,10773.25,10180.04,10618.05,21,False,True,Yahoo Finance ^TWII
2019-09-27,2019-09-01,2019-09-30,2019-09-02,2019-09-27,,,,10829.68,19,False,False,011.idv.tw (close only) + Yahoo Finance ^TWII
2019-10-31,2019-10-01,2019-10-31,2019-10-01,2019-10-31,10855.60,11428.42,10809.28,11358.71,21,False,True,Yahoo Finance ^TWII
2019-11-29,2019-11-01,2019-11-30,2019-11-01,2019-11-29,11373.70,11668.20,11335.51,11489.57,21,False,True,Yahoo Finance ^TWII
2019-12-31,2019-12-01,2019-12-31,2019-12-02,2019-12-31,11509.94,12125.90,11454.38,11997.14,22,False,True,Yahoo Finance ^TWII
2020-01-31,2020-01-01,2020-01-31,2020-01-02,2020-01-31,12026.50,12197.64,11418.22,11495.10,15,False,True,Yahoo Finance ^TWII
2020-02-27,2020-02-01,2020-02-29,2020-02-03,2020-02-27,11365.90,11854.98,11138.03,11292.17,19,False,True,Yahoo Finance ^TWII
2020-03-31,2020-03-01,2020-03-31,2020-03-02,2020-03-31,11184.66,11525.32,8523.63,9708.06,22,False,True,Yahoo Finance ^TWII
2020-04-30,2020-04-01,2020-04-30,2020-04-01,2020-04-30,9726.20,11012.78,9651.52,10992.14,20,False,True,Yahoo Finance ^TWII
2020-05-29,2020-05-01,2020-05-31,2020-05-04,2020-05-29,10781.51,11087.53,10658.50,10942.16,20,False,True,Yahoo Finance ^TWII
2020-06-30,2020-06-01,2020-06-30,2020-06-01,2020-06-30,10971.40,11771.12,10971.40,11621.24,20,False,True,Yahoo Finance ^TWII
2020-07-31,2020-07-01,2020-07-31,2020-07-01,2020-07-31,11622.64,13031.70,11622.64,12664.80,23,False,True,Yahoo Finance ^TWII
2020-08-31,2020-08-01,2020-08-31,2020-08-03,2020-08-31,12642.73,12981.58,12144.76,12591.45,21,False,True,Yahoo Finance ^TWII
2020-09-30,2020-09-01,2020-09-30,2020-09-01,2020-09-30,12617.39,13021.68,12149.81,12515.61,22,False,True,Yahoo Finance ^TWII
2020-10-30,2020-10-01,2020-10-31,2020-10-05,2020-10-30,12567.88,12997.79,12519.12,12546.34,19,False,True,Yahoo Finance ^TWII
2020-11-30,2020-11-01,2020-11-30,2020-11-02,2020-11-30,12565.32,13969.39,12480.66,13722.89,21,False,True,Yahoo Finance ^TWII
2020-12-31,2020-12-01,2020-12-31,2020-12-01,2020-12-31,13810.55,14760.06,13749.71,14732.53,23,False,True,Yahoo Finance ^TWII
2021-01-29,2021-01-01,2021-01-31,2021-01-04,2021-01-29,14720.25,16238.46,14720.25,15138.31,20,False,True,Yahoo Finance ^TWII
2021-02-26,2021-02-01,2021-02-28,2021-02-01,2021-02-26,15176.56,16579.17,15089.96,15953.80,13,False,True,Yahoo Finance ^TWII
2021-03-31,2021-03-01,2021-03-31,2021-03-02,2021-03-31,16127.87,16556.19,15636.43,16431.13,22,False,True,Yahoo Finance ^TWII
2021-04-29,2021-04-01,2021-04-30,2021-04-01,2021-04-29,,,,17566.66,19,False,False,011.idv.tw (close only) + Yahoo Finance ^TWII
2021-05-31,2021-05-01,2021-05-31,2021-05-03,2021-05-31,17505.52,17546.94,15159.86,17068.43,21,False,True,Yahoo Finance ^TWII
2021-06-30,2021-06-01,2021-06-30,2021-06-01,2021-06-30,17098.49,17797.27,16775.85,17755.46,21,False,True,Yahoo Finance ^TWII
2021-07-30,2021-07-01,2021-07-31,2021-07-01,2021-07-30,17801.19,18034.19,16893.70,17247.41,22,False,True,Yahoo Finance ^TWII
2021-08-31,2021-08-01,2021-08-31,2021-08-02,2021-08-31,17256.61,17643.97,16248.08,17490.29,22,False,True,Yahoo Finance ^TWII
2021-09-30,2021-09-01,2021-09-30,2021-09-01,2021-09-30,17463.80,17633.67,16767.20,16934.77,20,False,True,Yahoo Finance ^TWII
2021-10-29,2021-10-01,2021-10-31,2021-10-01,2021-10-29,16883.00,17104.86,16162.17,16987.41,20,False,True,Yahoo Finance ^TWII
2021-11-30,2021-11-01,2021-11-30,2021-11-01,2021-11-30,17021.77,17986.18,17021.77,17427.76,22,False,True,Yahoo Finance ^TWII
2021-12-30,2021-12-01,2021-12-31,2021-12-01,2021-12-30,17428.61,18291.25,17374.59,18218.84,22,False,True,Yahoo Finance ^TWII
2022-01-26,2022-01-01,2022-01-31,2022-01-03,2022-01-26,18260.23,18619.61,17633.03,17674.40,18,False,True,Yahoo Finance ^TWII
2022-02-25,2022-02-01,2022-02-28,2022-02-07,2022-02-25,17750.70,18338.05,17554.97,17652.18,15,False,True,Yahoo Finance ^TWII
2022-03-31,2022-03-01,2022-03-31,2022-03-01,2022-03-31,17657.50,18026.03,16764.78,17693.47,23,False,True,Yahoo Finance ^TWII
2022-04-29,2022-04-01,2022-04-30,2022-04-01,2022-04-29,17657.76,17657.76,16219.41,16592.18,19,False,True,Yahoo Finance ^TWII
2022-05-31,2022-05-01,2022-05-31,2022-05-03,2022-05-31,16593.21,16807.77,15616.68,16807.77,21,False,True,Yahoo Finance ^TWII
2022-06-30,2022-06-01,2022-06-30,2022-06-01,2022-06-30,16718.91,16811.04,14825.73,14825.73,21,False,True,Yahoo Finance ^TWII
2022-07-29,2022-07-01,2022-07-31,2022-07-01,2022-07-29,14812.13,15035.27,13928.66,15000.07,21,False,True,Yahoo Finance ^TWII
2022-08-31,2022-08-01,2022-08-31,2022-08-01,2022-08-31,14982.27,15475.89,14545.69,15095.44,23,False,True,Yahoo Finance ^TWII
2022-09-30,2022-09-01,2022-09-30,2022-09-01,2022-09-30,14981.00,14981.00,13274.72,13424.58,21,False,True,Yahoo Finance ^TWII
2022-10-31,2022-10-01,2022-10-31,2022-10-03,2022-10-31,13359.26,13902.02,12629.48,12949.75,20,False,True,Yahoo Finance ^TWII
2022-11-30,2022-11-01,2022-11-30,2022-11-01,2022-11-30,12933.12,14879.55,12868.25,14879.55,22,False,True,Yahoo Finance ^TWII
2022-12-30,2022-12-01,2022-12-31,2022-12-01,2022-12-30,15059.92,15152.38,13981.63,14137.69,22,False,True,Yahoo Finance ^TWII
2023-01-31,2023-01-01,2023-01-31,2023-01-03,2023-01-31,14108.16,15493.82,14001.97,15265.20,13,False,True,Yahoo Finance ^TWII
2023-02-24,2023-02-01,2023-02-28,2023-02-01,2023-02-24,15346.35,15717.96,15291.68,15503.79,18,False,True,Yahoo Finance ^TWII
2023-03-31,2023-03-01,2023-03-31,2023-03-01,2023-03-31,15435.38,15951.80,15186.74,15868.06,23,False,True,Yahoo Finance ^TWII
2023-04-28,2023-04-01,2023-04-30,2023-04-06,2023-04-28,15838.07,15973.82,15284.46,15579.18,17,False,True,Yahoo Finance ^TWII
2023-05-31,2023-05-01,2023-05-31,2023-05-02,2023-05-31,15588.68,16683.76,15424.42,16578.96,22,False,True,Yahoo Finance ^TWII
2023-06-30,2023-06-01,2023-06-30,2023-06-01,2023-06-30,16511.00,17346.32,16477.43,16915.54,20,False,True,Yahoo Finance ^TWII
2023-07-31,2023-07-01,2023-07-31,2023-07-03,2023-07-31,16915.54,17463.76,16593.84,17145.43,21,False,True,Yahoo Finance ^TWII
2023-08-31,2023-08-01,2023-08-31,2023-08-01,2023-08-31,17141.97,17252.32,16264.65,16634.51,22,False,True,Yahoo Finance ^TWII
2023-09-28,2023-09-01,2023-09-30,2023-09-01,2023-09-28,16640.92,16920.92,16202.43,16353.74,20,False,True,Yahoo Finance ^TWII
2023-10-31,2023-10-01,2023-10-31,2023-10-02,2023-10-31,16382.96,16825.91,15975.91,16001.27,20,False,True,Yahoo Finance ^TWII
2023-11-30,2023-11-01,2023-11-30,2023-11-01,2023-11-30,16027.72,17441.79,15978.26,17433.85,22,False,True,Yahoo Finance ^TWII
2023-12-29,2023-12-01,2023-12-31,2023-12-01,2023-12-29,17422.35,17945.70,17252.57,17930.81,21,False,True,Yahoo Finance ^TWII
2024-01-31,2024-01-01,2024-01-31,2024-01-02,2024-01-31,17939.79,18138.74,17151.58,17889.56,22,False,True,Yahoo Finance ^TWII
2024-02-29,2024-02-01,2024-02-29,2024-02-01,2024-02-29,17871.27,19023.01,17832.95,18966.77,13,False,True,Yahoo Finance ^TWII
2024-03-29,2024-03-01,2024-03-31,2024-03-01,2024-03-29,19021.35,20397.07,18923.46,20294.45,21,False,True,Yahoo Finance ^TWII
2024-04-30,2024-04-01,2024-04-30,2024-04-01,2024-04-30,20319.73,20883.69,19291.88,20396.60,20,False,True,Yahoo Finance ^TWII
2024-05-31,2024-05-01,2024-05-31,2024-05-02,2024-05-31,20360.67,21937.40,20222.44,21174.22,22,False,True,Yahoo Finance ^TWII
2024-06-28,2024-06-01,2024-06-30,2024-06-03,2024-06-28,21388.71,23406.10,21264.63,23032.25,19,False,True,Yahoo Finance ^TWII
2024-07-31,2024-07-01,2024-07-31,2024-07-01,2024-07-31,23042.70,24416.67,21833.85,22199.35,21,False,True,Yahoo Finance ^TWII
2024-08-30,2024-08-01,2024-08-31,2024-08-01,2024-08-30,22546.40,22652.21,19662.74,22268.09,22,False,True,Yahoo Finance ^TWII
2024-09-30,2024-09-01,2024-09-30,2024-09-02,2024-09-30,22341.90,23079.21,20922.17,22224.54,20,False,True,Yahoo Finance ^TWII
2024-10-30,2024-10-01,2024-10-31,2024-10-01,2024-10-30,22329.65,23713.70,22193.50,22820.43,19,False,True,Yahoo Finance ^TWII
2024-11-29,2024-11-01,2024-11-30,2024-11-01,2024-11-29,22438.93,23699.70,22055.38,22262.50,21,False,True,Yahoo Finance ^TWII
2024-12-31,2024-12-01,2024-12-31,2024-12-02,2024-12-31,22456.50,23387.17,22456.50,23035.10,22,False,True,Yahoo Finance ^TWII
2025-01-22,2025-01-01,2025-01-31,2025-01-02,2025-01-22,22975.71,23943.95,22458.22,23525.41,15,False,True,Yahoo Finance ^TWII
2025-02-27,2025-02-01,2025-02-28,2025-02-03,2025-02-27,22796.71,23732.58,22502.20,23053.18,19,False,True,Yahoo Finance ^TWII
2025-03-31,2025-03-01,2025-03-31,2025-03-03,2025-03-31,22734.05,22979.97,20695.90,20695.90,21,False,True,Yahoo Finance ^TWII
2025-04-30,2025-04-01,2025-04-30,2025-04-01,2025-04-30,20884.53,21390.52,17306.97,20235.03,20,False,True,Yahoo Finance ^TWII
2025-05-29,2025-05-01,2025-05-31,2025-05-02,2025-05-29,20534.08,21879.24,20320.80,21347.30,20,False,True,Yahoo Finance ^TWII
2025-06-30,2025-06-01,2025-06-30,2025-06-02,2025-06-30,21253.97,22587.67,20940.98,22256.02,21,False,True,Yahoo Finance ^TWII
2025-07-31,2025-07-01,2025-07-31,2025-07-01,2025-07-31,22419.74,23631.11,22190.46,23542.52,23,False,True,Yahoo Finance ^TWII
2025-08-29,2025-08-01,2025-08-31,2025-08-01,2025-08-29,23318.37,24570.15,23151.65,24233.10,21,False,True,Yahoo Finance ^TWII
2025-09-30,2025-09-01,2025-09-30,2025-09-01,2025-09-30,24143.37,26394.03,23885.41,25820.54,21,False,True,Yahoo Finance ^TWII
2025-10-31,2025-10-01,2025-10-31,2025-10-01,2025-10-31,26078.29,28527.68,25982.91,28233.35,20,False,True,Yahoo Finance ^TWII
2025-11-28,2025-11-01,2025-11-30,2025-11-03,2025-11-28,28253.53,28554.61,26395.98,27626.48,20,False,True,Yahoo Finance ^TWII
2025-12-31,2025-12-01,2025-12-31,2025-12-01,2025-12-31,27674.16,29009.81,27342.53,28963.60,22,False,True,Yahoo Finance ^TWII
2026-01-30,2026-01-01,2026-01-31,2026-01-02,2026-01-30,29016.68,32996.03,29007.75,32063.75,21,False,True,Yahoo Finance ^TWII
2026-02-26,2026-02-01,2026-02-28,2026-02-02,2026-02-26,32008.46,35579.34,31164.28,35414.49,12,False,True,Yahoo Finance ^TWII
2026-03-31,2026-03-01,2026-03-31,2026-03-02,2026-03-31,35277.48,35345.72,31529.36,31722.99,22,False,True,Yahoo Finance ^TWII
2026-04-30,2026-04-01,2026-04-30,2026-04-01,2026-04-30,31892.33,40194.92,31892.33,38926.63,20,False,True,Yahoo Finance ^TWII
2026-05-29,2026-05-01,2026-05-31,2026-05-04,2026-05-29,39228.39,44954.09,39228.39,44732.94,20,False,True,Yahoo Finance ^TWII
2026-06-30,2026-06-01,2026-06-30,2026-06-01,2026-06-30,44872.82,48218.87,42006.39,46125.91,21,False,True,Yahoo Finance ^TWII
2026-07-31,2026-07-01,2026-07-31,2026-07-01,2026-07-31,46234.70,47395.30,39384.85,43119.75,22,False,True,Yahoo Finance ^TWII
2026-08-31,2026-08-01,2026-08-31,2026-08-03,2026-08-31,42780.42,46574.52,42780.42,46128.47,21,False,True,Yahoo Finance ^TWII
2026-09-07,2026-09-01,2026-09-30,2026-09-01,2026-09-07,46177.11,47429.58,45839.36,47326.27,5,True,True,TWSE
